aaron-neuwirth,0
aaron-riccio,0
abigail-jones,0
abraham-riesman,0
adam-chapman,0
adam-clark-estes,0
adrian-monserrat,0
ailbhe-oreilly,0
aj-caulfield,0
alan-pergament,0
alan-small,0
alanah-pearce,0
alasdair-wilkins,0
alec-bojalad,0
alejandra-jarillo,0
alessandra-codinha,0
alex-bevan,0
alex-bhattacharji,0
alex-bozikovic,0
alex-davidson,0
alex-shephard,0
alexa-volland,0
alexander-sorochan,0
alexandra-neill,0
alexandra-pollard,0
alexis-gunderson,0
alexis-nedd,0
alexis-okeowo,0
ali-arikan,0
alice-vincent,0
alicia-cohn,0
alison-herman,0
alison-lanier,0
aliya-whiteley,0
aloma-rodriguez,0
alyssa-rasmus,0
alyssa-rosenberg,0
amber-cortes,0
amber-dowling,0
amelia-emberwing,0
amelia-nierenberg,0
amirah-mercer,0
amy-bowker,0
amy-zimmerman,0
an-wilson,0
anders-furze,0
andrea-mandell,0
andres-oliva,0
andrew-billen,0
andrew-blackie,0
andrew-gruttadaro,0
andrew-husband,0
andrew-webster,0
anna-brain,0
anna-greer,0
anna-hartley,0
anna-wesche,0
anne-easton,0
anthony-assad,0
anthony-guivas,0
anthony-kirby,0
aodhan-gregory,0
aoife-oceallachain-20701,0
arielle-bernstein,0
aryn-baker,0
ashleigh-kane,0
becky-lucas,0
ben-lindbergh,0
ben-neutze,0
ben-pearson,0
beth-elderkin,0
bethany-ao,0
bethonie-butler,0
bill-brioux,0
bill-keveney,0
bill-prince,0
billy-nilles,0
bonnie-stiernberg,0
brett-white,0
brian-grubb,0
brian-quinn,0
brianna-kirkham,0
brittany-spanos,0
brock-wilbur,0
brooke-cain,0
bryonna-mention,0
cady-lang,0
callie-watts,0
cameron-mcallister,0
carla-cisneros,0
carlos-rgo,0
carlos-soto-campos,0
carly-lane,0
caroline-cao,0
carolyn-hinds,0
carolyn-l-todd,0
caspar-salmon,0
catalina-combs,0
catherina-gioino,0
catherine-gee,0
catherine-pearson,0
cavan-mcginsie,0
cecilia-nowell,0
chandler-levack,0
charles-pulliam-moore,0
charlie-deitch,0
charlotte-heathcote,0
chase-burns,0
chetna-kapoor,0
chloe-lizotte,0
chloe-schama,0
chris-coffel,0
chris-hanna,0
chris-harvey,0
chris-schulz,0
christine-friar,0
christopher-rosen,0
cian-geoghegan,0
cian-traynor,0
ciara-wardlow,0
clayton-purdom,0
clint-c,0
clio-chang,0
cody-schmitz,0
colette-bancroft,0
conrad-doucette,0
constance-grady,0
corey-hughes,0
craig-williams,0
cricket-epstein,0
cristina-moreno,0
dan-barrett,0
dan-grossman,0
dana-alston,0
dana-schwartz,0
danette-chavez,0
daniel-felsenthal,0
daniel-neman-17820,0
daniel-palmer,0
daniel-seddon,0
daniella-shreir,0
danielle-valente,0
danilo-castro,0
daudi-abe,0
dave-searle,0
david-houghton,0
david-segal,0
david-stubbs,0
david-tejero-nogales,0
david-turpin,0
david-yaffe,0
dean-lamanna,0
debbi-snook,0
debra-craine,0
deidre-johnson,0
deirdre-de-grae,0
devika-girish,0
devra-first,0
diana-metzger,0
diego-salgado,0
dipanjan-sinha,0
dl-mayfield,0
dominik-kamalzadeh,0
don-kaplan,0
donna-bowman,0
donnie-kwak,0
duarte-garrido,0
duncan-gray,0
dustin-rowles,0
ed-cumming,0
eder-campuzano,0
edurne-larumbe-villarreal,0
eleanor-halls,0
elijah-taylor,0
elizabeth-kiefer,0
ella-donald,0
eloise-ross,0
emily-kelly,0
emily-l-stephens,0
emily-yahr,0
emily-zemler,0
enrique-solorzano,0
eric-barroso,0
eric-deggans,0
eric-webb,0
erik-pedersen,0
esau-mccaulley,0
ethan-anderton,0
ethan-leung,0
euan-ferguson,0
evan-manning,0
evan-romano,0
evan-valentine-17965,0
felicity-campbell,0
fernando-e-juan-lima,0
fiona-sturges,0
frannie-ucciferri,0
fraser-abe,0
frazier-moore,0
gabriel-tate,0
gabrielle-schwarz,0
gareth-thornton,0
gav-murphy,0
gavin-jasper,0
gemma-pecorini-goodall,0
geoffrey-obrien,0
george-art-baker,0
george-simpson,0
gianna-folz,0
gillian-branstetter,0
gillie-collins,0
graeme-virtue,0
greg-bruce,0
hanif-abdurraqib,0
hannah-lemass,0
hannah-rose,0
harry-siegel,0
helen-lewis,0
hillary-busis,0
hunter-harris,0
huw-fullerton,0
iain-robertson,0
ian-crouch,0
icnitl-y-garcia,0
imogen-sara-smith,0
irene-falvey,0
isabelle-galet-lalande,0
isobel-raphael,0
jack-godwin,0
jack-gracie,0
jack-shepherd,0
jacob-soll,0
jagdeesh-mann,0
jahkotta-lewis,0
jake-nevins,0
jake-pitre,0
jamelle-bouie,0
james-bartlett,0
james-bridcut,0
james-slaymaker,0
james-wolcott,0
jamie-davies,0
jan-lee,0
jan-moir,0
jana-monji,0
jane-mulkerrins,0
janelle-okwodu,0
janice-loreck,0
jasmine-ballew,0
jazmine-joyner,0
jef-rouner,0
jeff-reed,0
jeffrey-fleishman,0
jenna-dorsi,0
jenni-moore,0
jennifer-gannon,0
jennifer-lynde-barker,0
jennifer-szalai,0
jenny-feniak,0
jeremy-carr,0
jerilyn-jordan,0
jessica-ellicott,0
jessica-ritchey,0
jessica-toomer,0
joel-down,0
joel-mayward,0
joelle-monique,0
joelle-smith,0
joey-keogh,0
john-bonazzo,0
john-everhart,0
john-tones,0
joi-childs-and-caron-lenoir,0
jon-negroni,0
jonathan-l-fischer,0
jonathan-victory,0
jonathan-w-gray,0
joseph-aberl,0
joseph-falcone,0
joseph-kyle,0
joseph-longo,0
josh-sorokach,0
josh-wigler,0
joshua-axelrod,0
joshua-keating,0
joyce-millman,0
juan-cruz-bergondi,0
julia-black,0
julian-chambliss,0
juliana-rasul,0
juliette-cottu,0
justin-burke,0
kaitlin-thomas,0
kara-warner,0
karl-puschmann,0
kass-mitchell,0
katarina-brown,0
kate-abbott,0
kate-knibbs,0
katherine-murray,0
kathleen-smith,0
kathryn-lindsay,0
katie-herzog,0
kayla-marie,0
keith-watson,0
kelley-dong,0
kelly-lawler,0
keva-york,0
kimberly-roots,0
koraly-dimitriadis,0
kristen-baldwin,0
kristen-oneal,0
kumar-shyam,0
kylie-maslen,0
lamorna-ash,0
lasyapriya-sundaram,0
latoya-ferguson,0
laura-beck,0
laura-birnbaum,0
laura-emerick,0
laura-molzahn,0
lauren-burgess,0
lauren-ocallaghan,0
lauren-williams,0
leah-st-lawrence,0
lewis-knight,0
lindsay-zoladz,0
lisa-cam,0
lisa-mullen,0
lizzie-plaugic,0
lola-landekic,0
lora-grady,0
louis-virtel,0
louise-busfield,0
lovia-gyarkye,0
lucas-wong,0
luis-resendiz,0
luke-baynes,0
luke-hearfield,0
luke-hicks,0
luke-parker,0
luke-t-harrington,0
lynnette-porter,0
madeline-raynor,0
malcolm-venable,0
manu-arguelles,0
marc-walkow,0
marcos-cabrera,0
maria-m-delgado,0
mark-allison,0
mark-monahan,0
mark-newbold,0
mark-sanderson,0
martin-dunphy,0
martin-knelman,0
marty-sliva,0
marwa-hamad,0
marykate-jasper,0
matt-cohen-18843,0
matt-keil,0
matt-melis,0
matt-turner,0
matt-webb-mitovich,0
matt-wilstein,0
matthew-anderson,0
matthew-byrd,0
matthew-st-clair,0
matthew-taylor,0
maura-johnston,0
maureen-lee-lenker,0
mauricio-gonzalez-lara,0
max-covill,0
meg-shields,0
megan-pugh,0
megan-vick,0
meghan-gilligan,0
meher-manda,0
mekeisha-madden-toby,0
melissa-leon,0
meredith-blake,0
merrill-barr,0
micha-boyett,0
michael-beebe,0
michael-brooke,0
michael-hogan,0
michael-miner,0
michael-pementel,0
michael-rice,0
michael-starr,0
michele-manelis,0
michelle-jaworski,0
michelle-ruiz,0
michelle-sabato,0
miles-surrey,0
mitchell-millar,0
monique-jones,0
montse-reyes,0
morgan-jeffery,0
namwali-serpell,0
naomi-chainey,0
naomi-wong,0
nathan-frontiero,0
nathan-mcvay,0
nick-bhasin,0
olive-pometsey,0
orla-smith,0
owen-richards,0
pamela-hutchinson,0
pat-jackson,0
patricia-garcia,0
paul-jones,0
paula-mejia,0
pauline-bock,0
peggy-truong,0
peter-crawley,0
peter-lawrence-kane,0
petra-halbur,0
phil-kennedy,0
phillip-carter,0
price-peterson,0
priscilla-page,0
rachael-sampson,0
rachael-vaughan-clemmons,0
rachel-heine,0
rachel-ray,0
raju-mudhar,0
randy-schiff,0
rebecca-addison,0
reed-tucker,0
renata-polt,0
richard-hayward,0
rob-sheffield,0
robert-evers,0
robert-fulford,0
robert-ham,0
robin-wright,0
robinson-meyer,0
rodney-ho,0
roger-clarke,0
ronan-daly,0
ross-raihala,0
russell-brandom,0
ryan-oliver,0
sadaf-ahsan,0
sally-newall,0
sam-byford,0
samantha-highfill,0
samantha-ladwig,0
samit-sarkar,0
samuel-spencer,0
sanjay-shankar,0
santiago-bardotti,0
sarah-aziza,0
sarah-deen,0
sarah-jones,0
sarah-larson,0
sarah-marshall,0
sasha-stone,0
scott-d-pierce,0
scott-wampler,0
sd-kelly,0
sean-fennessey,0
sean-t-collins,0
sergio-huidobro,0
seth-simons,0
shannon-gormley,0
shannon-liao,0
shaunna-murphy,0
shea-serrano,0
shekhar-h-hooli,0
shirley-li,0
sierra-bilton,0
simon-brew-19399,0
sophia-nguyen,0
sophie-mayer,0
soumya-rao,0
stephanie-francis,0
steven-hsieh,0
steven-zultanski,0
tanner-tafelski,0
tansy-gardam,0
tara-watson,0
taylor-antrim,0
terri-white,0
theo-schear,0
thomas-hobbs,0
tim-surette,0
tonja-renee-stidhum,0
tony-bravo,0
toure,0
toyin-owoseje,0
travis-leamons,0
tricia-romano,0
tristan-kneschke,0
tufayel-ahmed,0
tyler-christian,0
veronica-lee,0
vesper-arnett,0
vicki-hyman,0
victoria-russell,0
vinay-menon,0
vrai-kaiser,0
william-dass,0
william-r-clark,0
william-robert-ferrer,0
yasmine-el-rashidi,0
yohana-desta,0
zach-schonfeld,0
zachary-lewis,0
zack-handlen,0
zoe-williams,0
zoey-peresman,0
mark-kermode,8.88E-16
bill-gibron,9.09E-13
john-serba,1.82E-12
molly-eichel,4.55E-12
danny-leigh,1.48E-11
peter-canavese,4.75E-10
tom-birchenough,1.86E-09
anne-cohen,4.10E-08
larushka-ivan-zadeh,5.96E-08
al-alexander,6.15E-08
matt-zoller-seitz,7.65E-08
manohla-dargis,1.22E-07
trevor-johnston,4.81E-07
rob-thomas,5.07E-07
paul-ennis,5.36E-07
jon-winkler,9.54E-07
ray-pride,9.54E-07
david-edelstein,9.65E-07
christopher-orr,1.20E-06
brian-viner,1.43E-06
nando-salva,1.91E-06
scott-foundas,1.93E-06
stephen-rebello,1.94E-06
david-hughes,2.87E-06
mark-daniell,3.81E-06
carlos-bonfil,4.02E-06
clint-worthington,4.17E-06
eric-henderson,4.20E-06
michael-koresky,4.77E-06
christopher-llewellyn-reed,4.87E-06
cath-clarke,6.21E-06
gary-rotstein,7.63E-06
kate-stables,7.64E-06
meredith-borders,7.65E-06
alan-cerny,7.69E-06
jessica-oliva,8.34E-06
chris-evangelista,8.63E-06
jyoti-sharma-bawa,1.57E-05
david-sims,1.57E-05
danny-minton,1.85E-05
dan-caffrey,1.91E-05
rob-dean,2.62E-05
josh-jackson,3.05E-05
jenny-mccartney,3.06E-05
noel-murray,3.08E-05
max-weiss,3.10E-05
argun-ulgen,3.15E-05
hannah-brown,3.24E-05
fiona-williams,3.24E-05
robert-abele,3.25E-05
eddie-cockrell,3.29E-05
laura-hiros,3.31E-05
tasha-robinson,4.20E-05
bernard-boo,4.20E-05
edward-lawrenson,4.67E-05
bruce-demara,4.71E-05
steve-newall,5.34E-05
tom-meek,6.10E-05
matthew-anderson-18253,6.10E-05
beth-accomando,6.11E-05
rochelle-siemienowicz,6.20E-05
nick-schager,9.21E-05
leo-goldsmith,9.30E-05
neil-smith,0.000116475
chris-bright,0.00012207
isabel-stevens,0.00012207
maren-longbella,0.00012207
tomris-laffly,0.00012207
amy-taubin,0.000122085
lisa-jensen,0.000122101
wenlei-ma,0.000122108
yip-wai-yee,0.000122522
adam-graham,0.000123154
tt-stern-enzi,0.000124369
louise-keller,0.000126013
grant-rollings,0.000128766
fred-camper,0.000129819
wade-major,0.000130421
andy-psyllides,0.000153065
tony-hinds,0.000244141
christopher-campbell,0.000244141
frank-swietek,0.000244201
jorge-ayala-blanco,0.000244498
adrian-mack,0.000244504
ed-frankl,0.000244618
martyn-conterio,0.000247607
danielle-white,0.000249952
matt-maytum,0.000250818
lee-marshall,0.000259409
matthew-odam,0.000259429
philip-martin,0.000259549
jason-guerrasio,0.000263459
mariana-fernandez,0.000267149
nora-lee-mandel,0.000275619
susana-polo,0.000282288
jamie-neish,0.000289978
russ-fischer,0.000305891
jose-teodoro,0.000307098
helen-ohara-12122,0.000307143
michael-arbeiter,0.000313045
jeremy-mathews,0.000313491
kiko-martinez,0.000316621
james-marsh,0.000316683
blake-williams,0.000318875
andrew-collins,0.000336178
matt-singer,0.000336681
jenni-miller,0.000366747
luke-channell,0.000381515
diana-sanchez-uranga,0.000429453
chris-plante,0.000488281
kristin-m-jones,0.000488281
godfrey-cheshire,0.000488289
k-austin-collins,0.000488408
jason-bailey,0.000489235
jason-anderson,0.000490429
ty-cooper,0.000492096
joey-nolfi,0.000494152
michael-ordona,0.00049651
michael-upchurch,0.000503808
stephen-kelly,0.000503876
michael-a-smith,0.000520134
alan-scherstuhl,0.000526458
haleigh-foutch,0.000549319
roger-moore,0.000551522
victoria-segal,0.000557913
leonardo-faierman,0.000568867
kristen-lopez,0.000611397
rob-daniel,0.000611474
nick-james,0.000618935
alex-zane,0.000628486
sophie-gilbert,0.000796324
stephen-dalton,0.000855603
dana-stevens,0.00086987
imogen-west-knights,0.000976563
manuel-pinon,0.000976563
pierre-kapitaniak,0.000976563
peter-howell,0.000976577
justin-chang,0.000976682
mike-ryan-16092,0.00097692
catherine-shoard,0.00097695
olly-richards,0.00097704
joshua-starnes,0.000977279
nicolas-ruiz,0.000979007
ellen-murray,0.000980396
josh-slater-williams,0.000984192
kate-erbland,0.000991881
al-hoff,0.00100708
brian-truitt,0.001037657
elena-lazic,0.001037747
miguel-munoz-garnica,0.001045763
roger-catlin,0.001102448
josephine-livingstone,0.001110615
james-dyer,0.001130854
thelma-adams,0.00113237
natalia-winkelman,0.001220703
patrick-smith,0.001229316
david-kettle,0.001259804
paul-ocallaghan-19201,0.001464844
maryann-johanson,0.001464903
soumya-srivastava,0.001465921
sara-stewart,0.001472712
gavia-baker-whitelaw,0.001589784
kristy-strouse,0.001719952
charmaine-soh,0.001853943
albert-williams,0.001953125
ellie-walker-arnott,0.001953125
liam-hanlon,0.001953125
mark-rabinowitz,0.001953125
sarah-griffin,0.001953125
brad-keefe,0.001953125
fernando-santoyo-tello,0.001953129
russell-baillie,0.0019542
orlando-maldonado,0.001957075
allison-shoemaker,0.001960762
kim-hughes,0.001970545
mal-vincent,0.001984015
pete-hammond,0.001988591
phil-nobile-jr,0.001991272
lucia-ros-serra,0.001997073
greg-cwik,0.002040863
chris-tilly,0.002045439
jamie-graham,0.002081156
craig-mathieson,0.002082825
brian-tallerico,0.002084985
john-hartl,0.002090469
aubrey-page,0.002105713
stella-papamichael,0.002154502
rob-staeger,0.002198222
esther-zuckerman,0.00222972
rob-vaux,0.002437845
pete-vonder-haar,0.002441406
kenneth-turan,0.002441407
jordan-hoffman,0.002441425
mario-alegre,0.002452873
aja-romano,0.002456665
david-sexton,0.002687222
linda-marric,0.002929928
oliver-lyttelton,0.002970487
scott-weinberg,0.002991447
alissa-wilkinson,0.003051996
curtis-cook,0.003082335
anthony-lane,0.003311897
kayti-burt,0.003417969
iain-mcnally,0.003480971
yasmin-shehab,0.003540043
keisha-hatchett,0.00390625
paul-casserly,0.00390625
tony-rayns,0.00390625
yasmin-kleinbart,0.00390625
steve-rose,0.003906816
matthew-passantino,0.003907235
zachary-shevich,0.003922343
becky-kukla,0.003968239
drew-mcweeny,0.003983242
chelsey-grasso,0.00402832
demetrios-matheou,0.004028329
kenji-fujishima,0.004028529
ariel-scotti,0.004080296
jonathan-romney,0.004091205
ashley-moreno,0.004150391
jamie-east,0.004151617
jim-vorel,0.004152298
ken-tucker,0.004212397
gail-tolley,0.004234351
mike-mcgranaghan,0.004394531
anthony-morris,0.004398406
manuela-lazic,0.004398733
matthew-thrift,0.004535943
anthony-salveggi,0.004703403
nicole-herrington,0.004770339
donald-clarke,0.004906714
robert-roten,0.004913349
jamie-healy,0.004943967
james-mottram,0.004951731
kent-turner,0.004987181
david-ehrlich,0.005249083
ken-eisner,0.005291276
ben-sachs,0.005374978
bill-zwecker,0.005706804
amy-brady,0.005859375
anaid-ramirez,0.005859378
kevin-harley,0.005859926
shilpa-jamkhandikar,0.005862236
blake-goble,0.005892897
donald-strohman,0.005905271
peter-debruge,0.005920896
dave-white,0.006023675
steven-neish-14518,0.006057801
alan-jones,0.006184498
allegra-frank,0.006347656
matthew-pejkovic,0.006698624
dan-casey,0.006963521
edward-johnson-ott,0.00744629
kyle-kohner,0.0078125
lochley-shaddock,0.0078125
megan-moffat,0.0078125
michael-jaconelli,0.0078125
miguel-ravelo,0.0078125
susan-kemp,0.0078125
harry-guerin,0.007812502
alejandro-aleman,0.007812502
laura-delaney,0.007812507
bob-mondello,0.007812507
andre-meadows-20907,0.007812508
tom-long,0.007812619
mario-p-szekely,0.007812636
leah-greenblatt,0.007812649
gary-dowell,0.007813007
lauren-terry,0.007813703
susan-wloszczyna,0.007813931
aimee-knight,0.007814407
tomas-trussow,0.007818244
jean-lowerison,0.007820131
don-kaye,0.007820145
zach-hollwedel,0.007821091
jason-gorber,0.007823953
kevin-mccarthy,0.007827878
manu-yanez,0.007835448
mick-lasalle,0.007839929
ali-gray,0.007873539
derek-malcolm,0.007935174
nick-hasted,0.007935562
adam-chitwood,0.007938387
tatiana-craine,0.007938623
erica-abeel,0.007938863
barry-hertz,0.007946014
darren-franich,0.007968937
marija-djurovic,0.008056641
matthew-norman,0.008087277
christoph-huber,0.00809171
randy-shulman,0.008102448
jim-schembri,0.008127156
sean-p-means,0.008300783
drew-taylor,0.008300915
dustin-putman,0.008309439
ian-mantgani,0.008326769
mark-dujsik,0.008547158
steven-d-greydanus,0.008668259
evan-narcisse,0.008789063
patrick-gamble,0.008789063
harry-haun,0.008789868
michael-osullivan,0.008796767
kaori-shoji,0.008796871
alison-gillmor,0.008798123
sarah-dobbs,0.008800745
judy-berman,0.008808136
alberto-saez-villarino,0.008836806
tim-evans,0.008880796
caryn-james,0.008911252
nazareno-brega,0.009048479
jay-weissberg,0.009069995
sergio-f-pinilla,0.009341192
laura-kern,0.009369852
steve-davis,0.009399429
luke-y-thompson,0.009400382
john-berra,0.009521484
jonathan-holland,0.009659143
christopher-schobert,0.009766609
michael-phillips-11845,0.009767964
allyson-johnson,0.009781264
cameron-meier,0.009798124
cynthia-fuchs,0.00980589
geoff-berkshire,0.009836197
conner-schwerdtfeger,0.009859164
brent-mcknight,0.009888209
leigh-paatsch,0.010009795
carmen-gray,0.010025084
ignacio-navarro,0.010132946
bill-stamets,0.010254418
alonso-duralde,0.010255338
mark-kennedy,0.010278008
richard-james-havis,0.010375978
maria-garcia,0.010439047
david-cairns,0.010528564
anwen-crawford,0.011186123
kristi-turnquist,0.011230469
peter-calder,0.011433557
chris-osterndorf,0.01171875
danny-king,0.011750358
tony-wong,0.011751175
lauren-humphries-brooks,0.011779867
david-james,0.011964798
jake-wilson,0.01242088
will-leitch,0.012709141
johnny-oleksinski,0.012735546
cole-smithey,0.013033489
markie-robson-scott,0.01320225
kyle-mullin,0.013305664
john-petkovic,0.013916016
gaspar-zimerman,0.014211062
lauren-carroll-harris,0.014659889
alex-godfrey,0.015625
alicia-adejobi,0.015625
alicia-lutes,0.015625
arianna-davis,0.015625
davette-see,0.015625
ellen-brait,0.015625
george-fenwick,0.015625
jonathan-stevenson,0.015625
josefina-sartora,0.015625
meghan-okeefe,0.015625
molly-haskell,0.015625
sam-wollaston,0.015625
anita-katz,0.015625002
liam-maguren,0.015625002
dana-barbuto,0.01562501
graeme-tuckett,0.015625119
jim-slotek,0.015625477
lili-loofbourow,0.015625495
eduardo-molina,0.01562598
jen-chaney,0.015626014
brian-thompson,0.015627861
daniel-walber,0.015630247
karen-han,0.015638352
alex-welch,0.015640319
jacqueline-coley,0.015663147
barbara-vandenburgh,0.015701775
frank-lovece,0.015702724
caroline-framke,0.01574707
angelica-jade-bastien,0.015777588
tara-brady,0.015778246
adam-lee-davies,0.015817777
gonzalo-lira-galvan,0.01586932
christopher-null,0.015870814
courtney-howard,0.015875401
jonathan-w-hickman,0.015876785
ben-sin,0.015884429
david-lewis,0.015885175
pat-padua-17819,0.015993605
gary-shannon,0.016113289
dann-gire,0.016115666
neil-miller,0.016122818
ross-bonaime,0.016124785
andrea-thompson,0.01612854
jr-kinnard,0.016174316
george-thomas,0.016177419
laura-clifford,0.016178132
verne-gay,0.016357483
fred-topel,0.016365528
kim-newman,0.016395664
aaron-yap,0.016611101
daniel-krupa,0.016666412
stephen-holden,0.016666429
manjusha-radhakrishnan,0.016693116
rosie-fletcher,0.016754925
jeffrey-bloomer,0.016892205
kaitlyn-tiffany,0.016967773
mabel-salinas,0.017033827
jordan-raup,0.017105408
brad-wheeler,0.017109306
evan-rodriguez,0.01739502
jonathan-barkan,0.01745816
michelle-orange,0.017578634
clarisse-loughrey,0.017600074
kelly-vance,0.017608764
jason-bechervaise,0.017700195
william-venegas,0.01770367
dan-lybarger,0.017716412
rafer-guzman,0.018066645
todd-jorgenson,0.01807408
david-berry,0.01820422
neil-young,0.018315282
john-bleasdale,0.01904691
sam-watermeier,0.019622872
tom-dawson,0.019634248
pamela-jahn,0.019662976
nathaniel-rogers,0.019794465
mae-abdulbaki,0.019927979
mary-angela-rowe,0.019927979
sarah-kurchak,0.020266578
sesali-bowen,0.020515442
simon-crook,0.020542145
karthik-kumar,0.020751953
andrew-marshall-16642,0.020754758
ian-barr-14222,0.020996094
gilbert-adair,0.021027111
amy-glynn,0.021509245
michael-osullivan-18857,0.021545649
dorothy-woodend,0.021608829
lisa-rosman,0.02175928
alysia-urrutia,0.021972656
jeanne-kaplan,0.0227089
peg-aloi,0.0234375
simon-miraudo,0.023441318
shawn-hazelett,0.023446208
jimi-famurewa,0.023471832
paul-chambers,0.023498893
ken-mcintyre,0.02355963
mark-jackson,0.023682119
violet-levoit,0.02405744
marjorie-baumgarten,0.024414063
boon-chan,0.024478101
julie-washington,0.024674256
daphne-howland,0.025514603
ben-croll,0.025530815
brian-orndorf,0.025637656
david-jenkins,0.025665939
jessica-baxter,0.02640526
michael-sragow,0.02734396
harry-windsor,0.027468682
stephen-farber,0.027649358
matthew-turner,0.027862549
j-hurtado,0.02790786
alan-ng,0.028694416
jon-caramanica,0.028869629
felipe-tapia,0.029296927
steve-crum,0.029441841
benjamin-rabinovich,0.03125
bill-odriscoll,0.03125
catherine-wheatley,0.03125
david-clack,0.03125
drew-grant,0.03125
durga-chew-bose,0.03125
erik-adams,0.03125
jada-yuan,0.03125
joanna-hunkin,0.03125
joanna-robinson,0.03125
josh-kurp,0.03125
june-thomas,0.03125
kwame-opam,0.03125
marc-snetiker,0.03125
rebecca-liu,0.03125
ruth-brown,0.03125
sharon-eberson,0.03125
joe-morgenstern,0.031250119
james-croot,0.031250158
duane-byrge,0.0312503
emmanuel-baez,0.031251437
blake-howard,0.031257637
pablo-villaca-5765,0.031259538
nick-roddick,0.031269073
mara-reinstein,0.031295776
charline-jao,0.031311035
dom-sinacola,0.031311035
jordan-cronk,0.031311095
john-nugent,0.031373982
eric-melin,0.031380076
sol-harris,0.031394958
robert-kojder,0.03140831
glen-weldon,0.031494141
simon-foster,0.031495795
chris-wasser,0.031496048
oliver-jones,0.031502068
matt-joseph,0.031577619
andrew-l-urban,0.03170836
kathleen-rizzo-young,0.031745911
lisa-nesselson,0.031746152
jamie-broadnax,0.03180355
charles-bramesco,0.031829839
elliott-noble,0.031876098
s-jhoanna-robledo,0.031983856
ian-waldron-mantgani,0.032036596
alex-mclevy-16692,0.032194138
elina-alter,0.032226563
james-hadfield,0.032230558
mayer-nissim,0.032350185
sarah-mcintyre,0.032485979
phil-hoad,0.032783751
phil-coldiron,0.033233643
hugo-hernandez-valdivia,0.03323556
scout-tafoya,0.033308985
josh-terry,0.033447281
witney-seibold,0.033447564
josh-bell,0.033463493
ned-lannamann,0.033651367
michael-burgin,0.033721985
andre-hereford,0.033722289
ivan-belmont,0.03387475
kevin-p-sullivan,0.034179689
dan-fainaru,0.034182356
jorge-rivera-rubio,0.034255981
kahron-spearman,0.034545898
greg-maki,0.034790039
julia-smith,0.03515625
germain-lussier,0.035156444
lindsey-bahr,0.035156489
leah-pickett,0.035157741
harvey-s-karten,0.035158115
andy-crump,0.035195353
jim-dixon,0.035232782
eddie-strait,0.035244793
bilge-ebiri,0.03529358
aa-dowd,0.035339371
liz-braun,0.035400868
josh-modell,0.035407574
ross-ruediger,0.035644531
benjamin-harguindey,0.035655976
margot-harrison,0.035705568
henry-fitzherbert,0.035797883
carlota-mosegui,0.036007404
marcos-gandia,0.036205692
wilson-morales,0.036376959
ellen-gray,0.037109375
sara-michelle-fetters-8689,0.037113235
andrew-pulver,0.037157307
toby-woollaston,0.03816225
julian-roman,0.038330287
rachel-cooke,0.0390625
virat-nehru,0.0390625
colin-biggs,0.039066322
edward-porter,0.039093047
deborah-krieger,0.039161682
tony-medley,0.039536953
david-wiegand,0.039755829
james-berardinelli,0.040064819
garry-mcconnachie,0.040100098
victoria-alexander,0.040108708
bill-clark,0.040557872
audra-schroeder,0.040788174
mark-demetrius,0.040823018
michael-nordine,0.041015923
talia-soghomonian,0.041992188
madhureeta-mukherjee,0.042325974
kayla-cobb,0.042931557
kevin-a-ranson,0.043955806
dan-sullivan,0.046875
david-bernal,0.046875
tom-bond,0.046875
loey-lockerby,0.046875836
dan-jolin,0.046877058
anthony-ray-bench,0.046892357
robbie-collin,0.046936929
eric-goldman,0.046940865
angie-han,0.046951592
vikram-murthi,0.047244201
j-olson,0.04734922
jason-best,0.04736525
gregory-wakeman-16597,0.047611254
edgardo-resendiz,0.047851648
jeremy-heilman,0.048016259
luis-fernando-galvan,0.048150584
betty-jo-tucker,0.048483461
kevin-maher,0.048860552
oscar-uriel,0.048875846
glenn-heath-jr,0.049393423
bob-strauss,0.049591139
scott-von-doviak,0.050831335
scott-mendelson,0.050904162
luke-buckmaster,0.051266764
jacqui-blue,0.051765442
michelle-da-silva,0.051994324
francisco-marinero,0.05289818
amy-amatangelo,0.0546875
katey-stoetzel,0.0546875
neal-justin,0.0546875
willie-waffle,0.055176214
jordi-batlle-caminal,0.055552043
yago-garcia,0.055666313
hilary-a-white,0.05640829
alex-ramon,0.05762291
katey-rich,0.05937244
staci-layne-wilson,0.059402522
andrea-picard,0.062011719
alexander-nazaryan,0.0625
anne-t-donahue,0.0625
bindu-rai,0.0625
gareth-evans,0.0625
george-sully,0.0625
hayden-mears,0.0625
helen-herimbi,0.0625
james-parker,0.0625
javier-h-estrada,0.0625
jon-towlson,0.0625
leor-galil,0.0625
lucy-mangan,0.0625
marty-brown,0.0625
max-cea,0.0625
megan-nash,0.0625
robert-rorke,0.0625
sarah-kent,0.0625
shauna-fox,0.0625
shingai-darangwa,0.0625
spencer-kornhaber,0.0625
steve-johnson,0.0625
toussaint-egan,0.0625
amy-west,0.0625
andrea-chase,0.062500007
christy-lemire,0.062500134
sarah-ward,0.06250088
stephanie-zacharek,0.062501259
fernanda-solorzano,0.062501908
devan-coggan,0.062501971
matt-glasby,0.062503818
elena-nicolaou,0.062507629
lynden-barber,0.062507631
david-mad-dog-bradley,0.062515259
bob-bloom,0.062515259
alison-willmore,0.062516213
charles-mudede,0.062523381
rebecca-pahle,0.062531472
piers-marchant,0.06253298
will-ashton,0.062534333
elena-razlogova,0.062545776
ben-kenigsberg,0.062562786
phil-villarreal,0.062570165
ap-kryza,0.062584519
diane-pershing,0.062591553
betsy-bozdech,0.062596322
rafael-paz,0.062622599
erik-davis,0.062623144
sandy-cohen,0.062653184
ethan-alter,0.062686273
daniel-barnes,0.062694771
lucy-popescu,0.062744141
philip-kemp,0.062747957
andrew-lowry,0.062759446
brian-roan,0.062809082
joe-reid,0.062810987
nicholas-barber,0.062839637
jon-niccum,0.062874273
marc-mohan,0.062989477
amelia-navascues,0.062992096
phil-brown,0.062993795
rich-heldenfels,0.062997373
lanre-bakare,0.063004732
david-aldridge,0.063009522
luke-goodsell,0.063069389
richard-von-busack,0.063080076
chuck-bowen,0.063155282
garth-franklin,0.063232675
jeremy-smith,0.063476563
sandy-schaefer,0.063478471
april-wolfe,0.063486338
john-wenzel,0.063537598
john-powers,0.063721022
ben-travis,0.064453125
sheila-omalley,0.064460754
martin-hoyle,0.064468541
zachary-doiron,0.06447652
ben-travers,0.06451416
mahmoud-mahdy,0.06451416
matthew-bond,0.064538032
anna-smith,0.06457901
david-keyes,0.064605716
brian-gibson,0.064732138
james-luxford,0.065429785
simon-thompson,0.065680244
harry-readhead,0.06640625
paul-risker,0.06640625
sukhdev-sandhu,0.066408172
lisa-kennedy,0.066408649
scott-nash,0.06641412
kyle-anderson-17618,0.066414952
nev-pierce,0.066442564
tricia-olszewski,0.066940368
kimberley-jones,0.067024232
wes-greene,0.068325058
joseph-walsh-14333,0.068359852
jody-mitori,0.068421381
camilla-long,0.06849054
neil-pond,0.068847657
timothy-e-raw,0.0703125
james-plath,0.07031259
casey-cipriani,0.07043457
stephen-danay,0.070439369
nick-allen,0.070541982
emily-sears,0.071044922
amy-nicholson,0.071291002
david-kaplan,0.071365837
diego-batlle-18293,0.071903971
glenn-gamboa,0.072265625
simon-gallagher,0.072268021
henry-barnes,0.072273493
matt-roush,0.072281037
karen-krizanovich,0.073257446
pat-stacey,0.07421875
jonathan-kiefer,0.074234009
julia-raban,0.074464455
joi-childs,0.074615479
alberto-luchini,0.0747226
ed-gonzalez,0.075714119
tim-grierson,0.076233089
ray-greene,0.076539907
chris-barton,0.078125
steve-obrien,0.078125
zosia-bielski,0.078125
alonso-diaz-de-la-vega,0.078125239
michael-smith,0.078125596
dominic-corry,0.078130975
anthony-kaufman,0.078132879
rex-roberts,0.078193855
jasper-rees,0.078247555
robert-denerstein,0.078384697
steve-wright,0.078521729
jordi-costa,0.078650599
melissa-anderson,0.078819763
david-hinckley,0.079010519
charles-gant,0.079101575
jamal-dean-grootboom,0.079104189
jonathan-dean,0.079150802
ira-madison-iii,0.080202222
martin-unsworth,0.080532968
ira-franco,0.081085209
zachary-kennedy,0.08203125
norm-gidney,0.082041387
charles-ealy,0.082169557
john-townsend,0.082306397
michael-fairbanks,0.082397463
becky-suter,0.082864046
jake-coyle,0.083023319
walker-macmurdo,0.083652973
brian-lowry,0.084045858
israel-paredes,0.084520639
mallory-andrews,0.086212641
edu-galan,0.087402344
brogan-morris,0.091377318
diane-werts,0.091796875
sam-weisberg,0.091936115
carrie-r-wheadon,0.092879793
christopher-stevens,0.09375
jonita-davis,0.09375
lena-wilson,0.09375
liam-macleod,0.09375
mary-oconnor,0.09375
nagarjuna-rao,0.09375
sam-ashurst,0.09375
yolanda-machado,0.09375
matt-neal,0.09375193
sean-axmaker,0.093752995
steve-greene,0.09375763
ruben-peralta-rigaud,0.093770981
fausto-ponce,0.093816415
andrew-karpan,0.09387207
evan-saathoff,0.093873286
jose-solis-mayen,0.093877017
fico-cangiano,0.093902827
tom-seymour,0.093933151
jorge-ivan-morales,0.094182968
jim-lane,0.094612189
sadhbh-ni-bhroin,0.094726563
ruben-romero-santos,0.094728738
hanh-nguyen,0.094732409
angel-quintana,0.094742352
christopher-lawrence,0.095336916
joe-gross,0.09570415
filipe-freitas,0.095718458
todd-mccarthy,0.095754684
ian-freer,0.095764161
marty-mapes,0.096679934
shannon-m-houston,0.096928233
nestor-burtone,0.09725963
george-wu,0.099102907
troy-patterson,0.099609375
linda-barnard,0.100160837
julian-wood,0.100708135
kiva-reardon,0.101735122
julie-hinds,0.101869226
robbie-ann-mcpherson,0.102149963
david-frese,0.102173329
noah-berlatsky,0.102700017
jack-giroux,0.103521378
jeremy-aspinall,0.105501504
matt-patches,0.105591297
peter-keough,0.105712958
josh-lasser,0.106628666
ben-skipper,0.109375
michael-wade-simpson,0.109375
elise-nakhnikian,0.110389791
jacob-knight,0.112342867
poppy-jay-palmer,0.113304138
martin-tsai,0.115320314
kate-wilson,0.116210938
mike-usinger,0.119384766
ernesto-zelaya,0.11938861
christopher-hooton,0.123046875
akemi-aiello,0.125
andrew-winter,0.125
andy-swift,0.125
anjali-raguraman,0.125
antonio-camarillo,0.125
brett-pardy,0.125
cheryl-eddy,0.125
chris-morgan,0.125
colin-dabkowski,0.125
dan-gunderman,0.125
danielle-ransom,0.125
doreen-st-felix,0.125
emma-jones,0.125
eric-joseph,0.125
erika-balsom,0.125
federico-chunga,0.125
hugo-maguey,0.125
jac-kern,0.125
jake-pesaruk,0.125
jamie-righetti,0.125
jenny-nulf,0.125
jm-suarez-15400,0.125
jorge-negrete,0.125
jose-luis-forte,0.125
kyle-aaronson,0.125
lauren-hoffman,0.125
liz-shannon-miller,0.125
louis-wise,0.125
luis-caviaro,0.125
naman-ramachandran,0.125
naomi-shea,0.125
nguyen-le,0.125
nick-reilly,0.125
nick-romano,0.125
nina-metz,0.125
patrik-sandberg,0.125
rebecca-tucker,0.125
sophie-wyatt,0.125
tristram-fane-saunders,0.125
zach-budgor,0.125
emma-simmonds,0.125000002
david-fontana,0.125000002
jesus-chavarria,0.125000723
jeffrey-edalatpour,0.125000756
simon-kinnear,0.125000954
travis-hopson,0.12500096
daniel-gelb,0.125001043
farran-smith-nehme,0.12500227
shane-slater,0.125003878
mike-scott,0.12503052
steph-cozza,0.125036761
jo-berry,0.125036955
eric-kohn,0.125045784
adam-sweeting,0.125061517
karl-quinn,0.125091553
matthew-eng,0.12512207
leslie-felperin,0.125122193
ty-burr,0.125122219
eddie-harrison,0.1251343
ronnie-scheib,0.125187003
marsha-lederman,0.125202179
marc-savlov,0.125244141
cameron-williams,0.125244439
rohan-naahar,0.125245603
lenika-cruz,0.125247955
loren-king,0.125249867
rain-jokinen,0.12525177
gary-garrison,0.125253202
rodrigo-perez,0.125259399
jonathan-pile,0.125259505
kristian-m-lin,0.125275613
rachit-gupta,0.125366235
michael-snydel,0.125366465
andrew-wright,0.125396967
ashley-menzel,0.125489712
ed-power-16789,0.125492096
kevin-lally,0.125495913
hannah-mcgill,0.125495972
jesse-hassenger,0.125587556
bill-goodykoontz,0.125611424
john-byrne,0.125633481
jason-wilson,0.125671923
john-beifuss,0.12567197
teddy-durgin,0.125702442
jules-brenner,0.125734881
geoff-andrew,0.125763416
violeta-kovacsics,0.125976563
chris-hunneysett,0.125976742
richard-lawson,0.125988483
ben-nicholson,0.126465806
john-defore,0.126527809
lucy-obrien,0.126602173
suzi-feay,0.126953125
erik-henriksen,0.126955036
dan-fienberg,0.126961716
janet-smith,0.126964827
ernesto-diezmartinez,0.126972227
glenn-whipp,0.12698883
dov-kornits,0.127050944
peter-galvin,0.127334841
jim-vejvoda,0.127441533
carlos-diaz-reyes,0.127594504
juanma-ruiz,0.12774297
francine-prose,0.127933502
giovanni-marchini-camia,0.127972603
paddy-kehoe,0.128105208
mark-r-leeper,0.128479004
rohit-vats,0.128913915
oktay-ege-kozak,0.128922002
tom-huddleston,0.128967285
kimberly-gadette,0.128997862
dennis-schwartz,0.129037382
ellen-e-jones,0.129273903
jonathan-sanchez,0.129394539
nick-dent,0.129398484
sarah-watt,0.129704008
austin-trunick,0.12989147
eric-hynes,0.130047084
maximilian-von-thun,0.130126953
luis-martinez-18379,0.130371172
jonathan-anderson,0.132324219
elizabeth-zimmer,0.132461548
ford-maddox-brown,0.1328125
gonzalo-hernandez-espinosa,0.1328125
jacob-stolworthy,0.1328125
kathryn-laskaris,0.1328125
scott-a-mantz,0.132827766
andrew-simpson,0.132846922
william-bibbiani,0.132901192
dave-calhoun,0.133134846
david-bianculli,0.133333206
perri-nemiroff,0.133369484
amanda-adame,0.133414463
m-faust,0.133479372
sean-k-cureton,0.133560181
karen-dsouza,0.13382411
nikola-grozdanovic,0.13392736
vadim-rizov,0.134316211
betsy-sherman,0.134782793
variety-staff,0.135751249
marie-asner,0.136741639
mike-hale,0.137207126
jay-horton,0.13776799
fausto-fernandez,0.138903497
dustin-krcatovich,0.140625
wayne-alan-brenner,0.140625
francesca-rudkin,0.14062502
steve-murray,0.140625119
forrest-cardamenis,0.140674626
nick-rogers,0.141115215
sam-fragoso,0.141189702
jeff-simon,0.141235773
barbara-shulgasser,0.141245315
alex-lines,0.141268545
andrew-parker,0.141601563
barry-paris,0.141611235
xan-brooks,0.141728
liz-beardsworth,0.141909122
jim-judy,0.142609068
alex-doenau,0.142700203
john-anderson,0.143098836
scott-collura,0.1441273
michael-d-reid,0.144341054
edward-havens,0.144662211
mike-cecchini,0.145477295
charles-steinberg,0.145507813
calvin-wilson,0.14575395
uri-klein,0.146004143
simon-braund,0.148828983
robert-yaniz-jr,0.148937256
glenn-garvin,0.149688721
gary-goldstein,0.149706841
clayton-davis,0.150402069
chus-perez-giron,0.152623653
alejandro-lingenti,0.153381348
harry-kloman,0.15625
henry-heffer,0.15625
joseph-hernandez,0.15625
suzette-smith,0.15625
tom-crowley,0.15625
aine-oconnor,0.156254321
steven-hyden,0.156265259
norm-schrager,0.156265259
alex-leadbeater,0.156265391
jay-stone,0.15631129
roger-tennis,0.156377018
jason-zingale,0.156381607
sophie-monks-kaufman,0.156387575
tom-russo,0.156418326
diana-dabrowska,0.156433105
keeva-stratton,0.15649426
brad-oswald,0.156738281
tom-shone,0.156738997
ethan-sacks,0.156739248
elizabeth-kerr,0.156794587
caroline-westbrook,0.156801314
jeremy-jahns,0.156860665
robert-lloyd,0.156982422
craig-takeuchi,0.157111817
scott-marks,0.157215854
paul-whitington-15988,0.157227166
simi-horwitz,0.157350555
chloe-walker,0.157556786
kate-lloyd,0.157714844
tina-hassannia,0.158051015
gerard-casau,0.158203125
tom-duggins,0.158210754
amanda-mazzillo,0.15826416
catherine-bray,0.158813739
javier-ocana,0.160263435
g-allen-johnson,0.160775666
mark-jenkins,0.162109615
gary-m-kramer,0.162109778
ken-jaworowski,0.162139989
hamish-macbain,0.1640625
matt-brennan,0.164157093
matthew-toomey,0.164192237
terry-staunton,0.164333447
matt-roden,0.165039063
nathan-osborne,0.165050671
tom-charity,0.166019458
ed-halter,0.166232825
joanne-soh,0.167969704
mark-hughes,0.170417823
andre-teh,0.171875
michael-agresta,0.171875
spencer-coile,0.171875
glenn-sumi,0.171906115
arturo-magana,0.172042853
derek-smith,0.172070273
laurence-boyce,0.17264379
julio-velez,0.172851563
michael-dequina,0.172955351
charlie-lyne,0.173527663
christopher-gray,0.178337382
carlos-maranon,0.184643421
kevin-carr,0.185732889
bruce-andriatch,0.1875
cathy-butler,0.1875
david-walters,0.1875
kayla-kumari-upadhyaya,0.1875
kristin-finan,0.1875
lara-zarum,0.1875
lawrence-garcia,0.1875
miranda-sanchez,0.1875
mitchel-broussard,0.1875
tommy-cook,0.1875
vivian-kane,0.1875
tom-glasson,0.187500004
kate-muir,0.18750823
lisa-schwarzbaum,0.187528685
richard-kuipers,0.18759157
carlos-del-rio,0.187599183
damon-wise,0.187660279
violet-lucca,0.187988372
erin-free,0.188305181
toni-vall,0.188636929
tim-martain,0.188972
rachel-bowles,0.189702469
rob-owen,0.189703689
siddhant-adlakha,0.190430284
emiliano-basile,0.190933767
kent-jones,0.19140625
aaron-hillis,0.191419603
john-lui,0.191419724
tara-thorne,0.191483747
elizabeth-weitzman,0.191562433
sonia-saraiya,0.1953125
tony-macklin,0.195322118
alberto-bermejo,0.195350838
wesley-lovell,0.195373535
michael-leader,0.195558548
christian-toto,0.197899472
jon-frosch,0.198242665
katy-waldman,0.203125
lucero-calderon,0.204182644
stephanie-archer,0.204589896
marc-bernardin,0.20703125
ciara-dolan,0.207092285
gary-wolcott,0.207223417
simon-abrams,0.208149501
rick-kisonak,0.208993971
katy-hayes,0.2109375
meg-watson,0.21875
matt-prigge,0.218780518
zoe-margolis,0.218933105
edmund-lee,0.221761489
jason-ooi,0.222808838
josh-spiegel-16191,0.222990067
dan-mecca,0.226623536
nico-lang,0.226627395
kam-williams,0.226648331
chelsea-phillips-carr,0.22817179
joe-oconnell,0.229984283
kate-taylor,0.230553053
emily-breen,0.233165274
tal-rosenberg,0.2344184
ben-coleman,0.236450195
conor-odonnell,0.23828125
laura-miller,0.247592926
alejandro-veciana,0.25
allison-keene,0.25
andreas-giannopoulos,0.25
andrew-osborne,0.25
andros-pineda,0.25
april-mcintyre,0.25
ariana-romero,0.25
arya-ur,0.25
benjamin-wang,0.25
bethany-jean-clement,0.25
bobby-roberts,0.25
brian-collins,0.25
brian-marks,0.25
brian-seibert,0.25
cassie-da-costa-19917,0.25
charlie-phillips,0.25
charlotte-ross,0.25
chris-longridge,0.25
christopher-small,0.25
claire-langlais,0.25
crystal-sparrow,0.25
dan-seitz,0.25
daniel-cairns,0.25
david-oppedisano,0.25
diana-su,0.25
dylan-green,0.25
dylan-walker,0.25
eleanor-mcsherry,0.25
emilly-prado,0.25
emily-bray,0.25
evan-kindley,0.25
evan-read-armstrong,0.25
felipe-vicente,0.25
gerard-odonovan,0.25
giulia-heyward,0.25
graeme-blundell,0.25
hal-boedeker,0.25
hannah-lynn,0.25
hari-raj,0.25
harriet-fitch-little,0.25
james-segal,0.25
jean-bentley,0.25
joe-boden,0.25
jose-cordova,0.25
josh-hamm,0.25
joshua-dudley-19223,0.25
joshua-speiser,0.25
joule-zelman,0.25
juan-jose-beteta,0.25
julia-raeside,0.25
kalyn-corrigan,0.25
katharine-trendacosta,0.25
kevin-yeoman,0.25
laura-bogart,0.25
lauren-le-vine,0.25
lee-ashworth,0.25
les-chappell,0.25
maia-silber,0.25
manuel-betancourt,0.25
meagan-navarro,0.25
molly-horan,0.25
murphy-kenefick,0.25
murray-whyte,0.25
paul-farren,0.25
pilot-viruet,0.25
richard-godwin,0.25
ryan-porter,0.25
suchin-mehrotra,0.25
taylor-peters,0.25
tom-williams,0.25
trent-wilkie,0.25
willow-maclay,0.25
zehra-phelan,0.25
pilar-ayuso,0.250000011
alexandra-macaaron,0.250004054
susan-granger,0.250007868
ed-whitfield,0.250011475
tony-norman,0.250015259
moira-macdonald,0.250017166
eli-glasner-20431,0.250038267
julia-alexander,0.250046257
e-oliver-whitney,0.250066594
valerie-complex,0.250122357
jordan-farley,0.250127324
andrew-barker,0.250130922
bob-grimm,0.250246049
jeff-labrecque,0.250488281
kit-bowen,0.25048925
josef-braun,0.250493079
elinor-jones,0.250494003
ann-hornaday,0.250522644
aurelie-dupire,0.250523567
david-wharton,0.250732422
brad-miska,0.25073401
glenn-lovell,0.250801154
greg-klymkiw,0.250841593
ignatiy-vishnevetsky,0.250871348
ethan-vestby,0.250931893
matthew-monagle,0.250976563
shelagh-rowan-legg,0.250976563
hugo-lara,0.250976625
alejandro-g-calvo,0.250976861
kurt-loder,0.250977278
tom-gliatto,0.250984298
daniel-kasman,0.250991963
will-lawrence,0.250992191
steve-newton,0.251022593
travis-johnson,0.251222963
daniel-m-gold,0.251470864
mike-reyes,0.251725503
peter-goldberg,0.251953125
fionnuala-halligan,0.251953336
juan-tolentino,0.251955032
mark-adams,0.251955078
joe-leydon,0.251960788
sergio-benitez,0.25201428
matt-wolf,0.252014332
dwight-brown-18916,0.252079981
linda-holmes,0.252105737
dan-schindel,0.252151669
indra-arriaga,0.252159838
evan-griffin,0.252197266
ela-bittencourt,0.252807618
colin-covert,0.252944946
robert-martin,0.253173828
sean-burns,0.253418954
dave-segal,0.25390625
chris-nashawaty,0.253912002
craig-d-lindsey,0.253923416
musanna-ahmed,0.253936768
frank-scheck,0.253936949
leslie-katz,0.253975213
dave-schilling,0.253997803
peter-travers,0.254028916
stephen-mayne,0.254032195
stephen-porzio,0.254120904
jon-lyus,0.254151383
christopher-machell,0.254152792
mike-mazzanti,0.254272461
maureen-ryan,0.25428772
gayle-macdonald,0.254732251
james-kendrick,0.254760803
johanna-schneller,0.255065918
megan-basham,0.255178902
john-semley,0.255219586
joel-harley,0.255250225
lucero-solorzano,0.255386353
clark-collis,0.255401911
fernando-alvarez,0.255447388
kirk-honeycutt,0.255862352
rich-phippen,0.255989313
serena-donadoni,0.256109782
bradley-warren,0.256408811
wendy-ide,0.256962744
mark-a-perigard,0.257204298
jj-negrete,0.257370714
john-hanlon,0.257572293
andrew-carroll,0.2578125
margaret-lyons,0.2578125
chris-sawin,0.25781259
geoffrey-macnab,0.257812888
matthew-rozsa,0.257813454
robert-w-butler,0.257831577
robert-levin,0.257934571
conor-bateman,0.257940578
j-r-jones,0.257941321
nick-newman,0.257946022
eric-monder,0.257995748
linda-cook,0.258058684
renee-schonfeld,0.258058795
mark-keizer,0.258065224
chris-agar,0.258303166
sandra-hall,0.258321763
debashine-thangevelo,0.258346822
sarah-marrs,0.258789063
katherine-mclaughlin,0.258790493
jimmyo,0.258801943
rob-carnevale,0.258926408
glenn-dunks,0.259283633
calum-marsh,0.259308356
peter-bradshaw,0.259339809
christian-lorentzen,0.259765625
liam-lacey,0.259831436
victor-blanes-pico,0.260411389
gus-edgar,0.260498047
andrew-pollard,0.260828078
giles-hardie,0.260884533
jesse-cataldo,0.260931805
priyanka-sundar,0.261154175
brian-welk,0.26171875
michelle-devereaux,0.261842731
jen-yamato,0.261842734
alan-corr,0.262033645
megan-garber,0.262237549
rick-bentley,0.262502713
roxana-hadadi,0.262578965
scott-henderson,0.263671875
austin-williams,0.265625
christina-newland,0.265625
ian-sandwell,0.265625
liam-nicholls,0.265625
raphael-abraham,0.265632697
joanna-langfield,0.26563275
laura-demarco,0.265644082
erika-w-smith,0.265659885
arturo-aguilar,0.265686035
felix-vasquez-jr,0.265698463
rebecca-murray,0.265749015
matthew-lickona,0.265750053
chris-packham,0.265873224
melanie-mcfarland,0.265877257
alan-zilberman,0.26616025
mark-peranson,0.266284943
edward-douglas,0.266327876
jade-budowski,0.266603559
dan-callahan,0.266606825
nathalie-atkinson,0.26691103
andrea-g-bermejo,0.267092936
alice-murray,0.267578125
matthew-gilbert,0.267643884
cassam-looch,0.268311977
james-hennessy,0.26953125
jocelyn-noveck,0.269531369
sonny-bunch,0.269555644
ryan-pollard,0.269596142
alex-heeney,0.269779444
erick-estrada,0.269800695
katie-walsh,0.269966188
emily-yoshida,0.270508171
steve-macfarlane-14614,0.270675826
chris-hewitt-4371,0.273456596
rebecca-lewis,0.273803711
rebecca-hawkes,0.273925781
rafael-rosales-santos,0.274269105
emma-johnston,0.274490356
michael-joshua-rowin,0.275034255
randall-king,0.276401522
whitney-scott-bain,0.278320313
brian-lynch,0.28125
ian-white,0.28125
jd-gillam,0.28125
kieran-fisher,0.28125
thirza-wakefield,0.28125
valeriy-kolyadych,0.28125
amy-wolfe,0.281250954
jill-wilson,0.281341553
nandini-ramnath,0.28149543
matt-brunson,0.281501778
shyama-krishna-kumar,0.28155899
jeremy-elphick,0.281738281
matt-hoffman,0.281769875
candice-frederick,0.28177366
ben-robins,0.282226563
james-verniere,0.282478382
bill-newcott,0.282489577
gregory-weinkauf,0.282973335
amber-wilkinson,0.283144012
kevin-ritchie,0.283234119
daniel-bernal,0.283373356
carl-kozlowski,0.283692496
scott-meslow,0.283696175
tim-goodman,0.284362793
steve-persall,0.285186889
ella-taylor,0.285217289
tom-clift,0.285348893
hugh-armitage,0.285644531
john-wirt,0.286194928
frank-wilkins,0.286384583
sean-l-malin,0.286743164
richard-roeper,0.287109436
lee-jutton,0.287109852
patrick-kolan,0.287246704
oleg-ivanov,0.287620614
arantxa-luna,0.2890625
noah-gittell,0.28906251
sam-adams,0.289085651
hazem-fahmy,0.291015625
diane-carson,0.291017562
james-b-evans,0.291381836
sweta-kaushal,0.291390456
steve-uncle-creepy-barton,0.291747619
brian-donaldson,0.296875
scott-beggs,0.296906234
doris-toumarkine,0.296910291
britton-peele,0.297119144
kevin-fallon,0.2973634
kimber-myers,0.297854453
jim-brunzell-iii,0.298828125
jeffrey-m-anderson,0.300802296
brett-mccracken,0.301086426
leonardo-goi,0.3046875
guy-lodge,0.304966034
jordan-ruimy,0.306704285
adrian-carande,0.3125
bryan-rolli,0.3125
darian-lusk,0.3125
eve-watling,0.3125
greg-kot,0.3125
jose-c-donayre-guerrero,0.3125
leah-garchik,0.3125
michael-king,0.3125
n-a-cordova,0.3125
patrick-cooley,0.3125
sophia-cowley,0.3125
michael-bonner,0.3125
paul-verhoeven-13960,0.312500238
stuart-klawans,0.312515298
ashley-clark,0.312747955
daniel-daddario-17100,0.312789917
tim-brayton,0.313110353
stephen-silver,0.313480377
tcha-dunlevy,0.313621589
pauline-adamek,0.314010628
rory-oconnor,0.314455037
karen-gordon,0.314474106
brian-costello,0.315641662
kieron-moore,0.31640625
josh-cabrita,0.316409976
michael-atkinson,0.316563074
ross-mcindoe,0.316650927
walter-chaw,0.319246355
paul-parcellin,0.319335938
brad-newsome,0.3203125
mauricio-munoz,0.3203125
marco-cubillo,0.32421875
allan-hunter,0.325390935
alexandra-hepworth,0.328125
joshua-alston,0.328125
oswaldo-betancourt-lozano,0.328188546
charles-solomon,0.328613451
daniel-goodwin,0.328677502
masego-panyane,0.329101563
kristen-yoonsoo-kim,0.33267975
nicole-villalpando,0.333984375
zeenia-baria,0.334472656
nathanael-hood,0.337954082
shawn-glinis,0.341796875
dave-trumbore,0.34375
joshua-rivera,0.34375
scott-davis,0.34375
bryan-bishop,0.343793875
chris-newbould,0.344002247
xavi-sanchez-pons,0.344120951
angie-errigo,0.344239373
jim-alexander,0.34580455
justin-lowe,0.347664955
steve-biodrowski,0.348145729
robert-bianco,0.349701881
sam-bathe,0.35165561
john-fink,0.351688743
jenny-nixon,0.35546875
kaila-hale-stern,0.359375
mikael-wood,0.359375
theresa-smith,0.361696571
mel-campbell,0.364002466
gene-seymour,0.368195176
sean-l-mccarthy,0.369918823
adam-white,0.375
amy-ratcliffe,0.375
anna-leszkiewicz,0.375
carl-wilson,0.375
christina-kuntz,0.375
dennis-perkins,0.375
elisenda-n-frisach,0.375
gem-seddon,0.375
greg-dolgopolov,0.375
isabella-biedenharn,0.375
jason-zinoman,0.375
jean-westmoore,0.375
laura-kenna,0.375
margaret-barton-fumo,0.375
matt-donnelly,0.375
matt-schley,0.375
michael-idato,0.375
michael-lee-18858,0.375
suzanne-keane,0.375
zach-rausnitz,0.375
gabrielle-bondi,0.37500763
peter-turner,0.375015739
jacob-hall,0.37512207
gerald-peary,0.37513096
peter-hartlaub,0.375141537
matthew-razak,0.375286225
abigail-chandler,0.375305176
david-n-butterworth,0.375492603
kyle-turner,0.375626182
isaac-feldberg,0.375755564
carson-lund,0.375762145
jeffrey-overstreet,0.375977755
david-ehrenstein,0.375986338
ch-newell,0.376953125
david-zurawik,0.376953125
eric-eisenberg,0.376953603
zhuo-ning-su,0.376954317
saskia-baron,0.37696153
nikki-baughan,0.376961827
leonard-maltin,0.376968388
mark-medley,0.376991272
megan-burbank,0.378922123
michael-roffman,0.378922957
paul-m-bradshaw,0.379034382
neely-swanson,0.379061699
christopher-kompanek,0.379211426
alistair-harkness,0.379436974
mark-sommer,0.380162239
stephan-boissonneault,0.3828125
bill-arceneaux,0.383889198
joe-mcgovern,0.385746047
molly-freeman,0.386474857
david-noh,0.387455468
andy-lea,0.387705391
kong-rithdee,0.390625418
neil-genzlinger,0.390663352
maria-fernanda-mugica,0.390773088
jarrod-walker,0.39133537
matt-fowler,0.392645122
kevin-crust,0.392700837
avi-offer,0.393472678
sophia-watson,0.405418716
alejandro-turdo,0.40625
nick-venable,0.40625
nathan-carson,0.409244537
jacob-oller,0.410196305
joanne-ostrow,0.411254883
liam-dunn,0.414078712
daniel-m-kimmel,0.41430983
deborah-ross,0.416184472
diego-semerene,0.419811043
maggie-lee,0.42199904
david-sztypuljak,0.422065735
aramide-tinubu,0.422121182
eli-fine,0.422485352
aisha-harris,0.424804688
chris-cabin,0.42587384
clarence-tsui,0.425951113
john-noonan,0.426620555
daniel-eagan,0.428146423
juan-pablo-russo,0.42820815
adi-robertson,0.432495117
charlie-oughton,0.43585968
curt-wagner,0.4375
mike-laws,0.4375
nigel-watson,0.4375
molly-laich,0.437545925
erick-ortiz,0.437745333
joe-bendel,0.4379886
bobby-lepire,0.438053316
sarah-cullen,0.438354492
michael-sangiacomo,0.438476563
dan-webster,0.439453129
carlos-esquives,0.439474106
kyle-smith,0.442110495
jessica-kiang,0.442339004
simon-houpt,0.442385347
aakash-karkare,0.4427519
christine-iyer,0.44442749
ali-lopez,0.445697308
chris-knight,0.447396335
libby-purves,0.453125
ali-catterall,0.453140322
joyce-slaton,0.455186665
ryan-morris,0.457033169
jane-crowther,0.457227104
damian-moreno,0.4609375
john-higgins,0.461162626
chris-alexander,0.462064012
mark-schilling,0.465243921
m-suganth,0.465604987
alberto-corona,0.469436646
alberto-abuin,0.471208577
brigit-grant,0.471487064
anton-bitel,0.476724962
gail-pennington,0.477871954
sean-ogrady,0.484375
armond-white,0.487934634
lea-palmieri,0.489105225
abbey-white,0.5
adam-thirlwell,0.5
agnes-kegl,0.5
aimee-lee-abraham,0.5
aisling-moloney,0.5
alex-osborn,0.5
alexander-zalben,0.5
alice-blackhurst,0.5
amanda-keats,0.5
andre-seewood,0.5
andrea-smith,0.5
andrei-kartashov,0.5
anna-kopco,0.5
anthony-breznican,0.5
aparita-bhandari,0.5
ariana-bacle,0.5
ariel-henley,0.5
ashley-bulayo,0.5
ben-kuchera,0.5
ben-westhoff,0.5
bojana-duric,0.5
brad-mariano,0.5
brandon-katz,0.5
brandon-nowalk,0.5
brian-o-tiomain,0.5
bryan-armen-graham,0.5
caitlin-penzeymoog,0.5
caitlin-quinlan,0.5
calum-henderson,0.5
cameron-k-mcewan,0.5
carla-wintersgill,0.5
carlos-canas,0.5
carlos-valladares,0.5
caroline-preece,0.5
ceri-radford,0.5
charlie-hall,0.5
chloe-roddick,0.5
chris-longo,0.5
christopher-frizzelle,0.5
claire-mcnear,0.5
claudia-bauer,0.5
courtney-e-smith,0.5
dana-villamagna,0.5
daniel-kurland,0.5
daryl-macdonald,0.5
delia-harrington,0.5
derrick-rossignol-18644,0.5
e-stephen-burnett,0.5
eliana-dockterman,0.5
elisabeth-vincentelli,0.5
elizabeth-rayne,0.5
emily-gaudette,0.5
emmanuel-akitobi,0.5
eric-walden,0.5
erik-kain,0.5
estelle-tang,0.5
eve-macsweeney,0.5
garret-castleberry,0.5
garrett-martin,0.5
gillian-anderson,0.5
guido-pellegrini,0.5
heather-schwedel,0.5
hilton-als,0.5
hugo-rifkind,0.5
hunter-lanier,0.5
ilana-kaplan,0.5
irene-hsu,0.5
jackson-mchenry,0.5
jaime-pena,0.5
jake-harris,0.5
james-jackson,0.5
james-walton,0.5
james-whitbrook,0.5
jarret-myer,0.5
jason-barlow,0.5
jason-rhode,0.5
jeanmarie-tan,0.5
jeff-jensen,0.5
jen-aswad,0.5
jesse-david-fox,0.5
jessica-shaw,0.5
jessie-carpenter,0.5
jim-shelley,0.5
jimmy-nsubuga,0.5
jo-anne-rowney,0.5
jo-bradley,0.5
joe-blessing,0.5
joe-weisenthal,0.5
joel-keller,0.5
john-robinson,0.5
jonathan-bernstein,0.5
jonathan-raban,0.5
jose-felipe-coria,0.5
joseph-gamp,0.5
juan-jose-ontiveros,0.5
juan-roures-rego,0.5
justin-carreiro,0.5
kai-perrignon,0.5
kaitlin-reilly,0.5
kaitlyn-schiess,0.5
kate-leaver,0.5
kate-mossman,0.5
kathleen-craughwell,0.5
kelli-weston,0.5
kelly-kanayama,0.5
kelsey-mckinney,0.5
kendra-james,0.5
kenny-hanlon,0.5
kevin-lincoln,0.5
kevin-mclenithan,0.5
kristen-blush,0.5
kurt-jacobsen,0.5
kyle-pletcher,0.5
kylie-klein-nixon,0.5
laura-hurley,0.5
laura-prudom,0.5
lauren-jernigan,0.5
lori-berger,0.5
lucy-hunter-johnson,0.5
lucy-randall,0.5
lucy-scholes,0.5
luis-gamboa,0.5
marc-ciafardini,0.5
marcelo-stiletano,0.5
maria-sciullo,0.5
mark-braxton,0.5
mary-wang,0.5
matt-hanson,0.5
mauricio-nava,0.5
megan-farokhmanesh,0.5
mehboob-bawa,0.5
mel-evans,0.5
meredith-goldstein,0.5
meredyth-cole,0.5
natalie-zutter,0.5
nate-chinen,0.5
naveen-kumar,0.5
nayanika-kapoor,0.5
niall-mcardle,0.5
nick-harley,0.5
nick-vadala,0.5
nicolette-lennox,0.5
oliver-sava,0.5
patrick-gomez,0.5
pattie-pegler,0.5
paula-farmer,0.5
paula-vazquez-prieto,0.5
pedro-jose-tena,0.5
philip-cosores,0.5
rachel-marie-stone,0.5
rachna-raj-kaur,0.5
ray-rahman,0.5
rebecca-berfanger,0.5
rebecca-mead,0.5
ren-jender,0.5
richard-dove,0.5
rob-harvilla,0.5
ross-miller,0.5
russ-frushtick,0.5
ruth-mcnally,0.5
samfrey-tan,0.5
sarah-arthur,0.5
sarah-gosling,0.5
sarah-jasmine-montgomery,0.5
sarah-sahagian,0.5
scott-varnham,0.5
sean-orourke-20470,0.5
sofie-steenhaut,0.5
spike-friedman,0.5
stefan-kyriazis,0.5
tara-martinez,0.5
tim-hayes,0.5
tobi-akingbade,0.5
tom-augustine,0.5
tom-eames,0.5
valerie-dunham,0.5
vikram-johri,0.5
vinayakk-mohanarangan,0.5
william-carroll,0.5
alex-abad-santos,0.500002146
eric-d-snider,0.500005075
ron-wilkinson,0.500007741
ian-nathan,0.50000966
abbey-bender,0.500015741
vincent-mancini,0.500018246
abby-olcese,0.500030598
will-harris,0.500033379
matt-donato,0.500061035
robert-horton,0.500061099
kanin-srimaneekulroj,0.500061512
landon-palmer,0.500068694
paul-byrnes,0.500093818
chris-barsanti,0.500125886
michael-rechtshaffen,0.500130177
carrie-rickey,0.500228912
vicky-roach,0.500244626
dirk-libbey,0.500252018
jonathan-hatfull,0.500274897
matt-fagerholm,0.500557425
juan-carlos-berner,0.500681945
josh-larsen,0.500732422
martin-roberts,0.500757249
teresa-jusino,0.500976563
maricar-estrella,0.500978533
cary-darling,0.501037627
chris-vognar,0.501037717
leonardo-garcia-tsao,0.5010378
ao-scott,0.501038078
john-doyle,0.501107574
natalie-mokry,0.501953125
chris-hewitt,0.50195314
john-urbancich,0.501953275
joshua-rothkopf,0.501960874
rich-cline,0.501962759
chuck-wilson,0.502014262
david-crow,0.502258375
randall-colburn,0.502275706
christian-holub,0.502518535
mark-feeney,0.502876312
steven-rea,0.502931626
scott-chitwood,0.502941267
renuka-vyavahare,0.502991009
tyler-carlsen,0.50390625
charlotte-osullivan,0.503908158
james-greenberg,0.503909231
robin-clifford,0.503915315
kirk-baird,0.50391677
todd-vanderwerff,0.503937366
darren-ruecker,0.503992087
peter-sobczynski,0.504029278
martha-k-baker,0.504150394
stephanie-merry,0.504150644
quim-casas,0.504150869
paul-mount,0.504151285
david-stratton,0.504162073
matthew-leyland,0.504402788
annlee-ellingson,0.504409791
michael-sicinski,0.504761139
josh-winning,0.50488288
adam-lowes,0.504928828
james-poniewozik,0.505859375
nihit-bhave,0.506256614
brian-d-johnson,0.507028342
sean-oneal,0.5078125
steve-heisler,0.5078125
max-nelson,0.507812795
lisa-giles-keddie,0.507815302
scott-tobias,0.507845998
jenna-busch,0.507864357
diva-velez,0.507943267
terri-schwartz,0.507953644
jose-martin,0.507954607
jon-espino,0.508255363
janire-zurbano,0.508345724
neil-soans,0.509341479
carlos-f-heredero,0.50946045
nathan-lee,0.509773264
david-parkinson,0.509887703
allen-salkin,0.510745212
sebastian-zavala-kahn,0.51143332
sean-nelson,0.51173687
tom-keogh,0.512779535
james-adams,0.513305672
susan-g-cole,0.514175499
carlos-jesus-gonzalez,0.515625
zoe-hewitt,0.515625
j-hoberman,0.515626939
uriel-barco,0.51564217
nigel-m-smith,0.515818119
rubin-safaya,0.515888238
antonia-quirke,0.516136922
stuart-mcgurk,0.516617067
david-darcy,0.516633467
eli-sanders,0.516845703
miriam-bale,0.516972461
rob-lowman,0.517093666
aarti-jhurani,0.517578125
udita-jhunjhunwala,0.518196106
jared-rasic,0.51953125
victor-stiff,0.51953125
daniel-rutledge,0.519655228
scott-clark,0.519766808
dan-gentile,0.519775391
janice-page,0.521486672
jack-bottomley,0.522110582
jessi-cape,0.5234375
jonathan-edwards,0.5234375
cj-johnson,0.523437619
zach-middleton,0.523454189
rene-rodriguez,0.523454498
chris-bumbray,0.523559573
jane-horwitz,0.523561493
leigh-monson,0.524963379
malik-adan,0.525390625
bradley-gibson,0.526096123
john-hazelton,0.527656598
chelsea-tatham,0.53125
gemma-creagh,0.53125
marilyn-ferdinand,0.53125
matilda-dixon-smith,0.53125
phoebe-chen,0.53125
shane-ryan,0.53125
mary-mcnamara,0.531250015
randy-cordova,0.531250371
julia-felsenthal,0.531250499
anthony-oconnor,0.531265269
karen-martin,0.531267166
genevieve-koski,0.53128052
sheri-linden,0.531285537
angelo-muredda,0.531446549
henry-k-miller,0.531494141
mathew-dekinder,0.531494172
andrew-todd,0.531494856
tim-robey,0.531738282
shirley-sealy,0.531799913
simran-hans,0.531809956
stephen-whitty,0.532234435
nick-de-semlyen,0.532257096
deirdre-molumby,0.532714844
kristian-harloff,0.532714918
mark-ellis,0.532753117
sophie-brown,0.533326149
richard-larson,0.534431934
simon-reynolds,0.535158165
ed-potton,0.535165906
jackie-k-cooper,0.535832453
paul-macinnes,0.536132813
hank-stuever,0.536195056
adolfo-c-martinez,0.536596297
benjamin-h-smith,0.537904739
jamie-dunn,0.539062756
philip-concannon,0.539062921
mark-olsen,0.539076001
brooke-corso,0.539125465
pablo-a-scholz,0.539508879
mark-asch,0.539551217
kenneth-r-morefield,0.540290868
stephen-schaefer,0.540681614
siena-yates,0.54296875
tom-charles,0.546875
vanessa-h-larson,0.546875
thaddeus-mccollum,0.546936035
daniel-krauze,0.546936393
steve-pond,0.547151566
jason-solomons,0.547607914
dennis-harvey,0.548340837
rob-gonsalves,0.548894914
ezequiel-boetti,0.548918432
ed-gibbs,0.55078126
mikel-zorrilla,0.552990009
tambay-obenson,0.5546875
chris-stuckmann,0.557622049
saeed-saeed,0.55859375
adam-nayman,0.558777858
stephen-puddicombe,0.560673714
elaine-lee,0.5625
eve-barlow,0.5625
grant-jonsson,0.5625
jake-kring-schreifels,0.5625
jesse-schedeen,0.5625
justin-charity,0.5625
r-mitchell-miller,0.5625
sydney-brownstone,0.5625
clay-cane,0.562622101
louis-proyect,0.562649685
willa-paskin,0.562988281
keith-phipps,0.56298925
jason-di-rosso,0.563057306
tim-cogshell,0.563302338
keith-uhlich,0.563345564
peter-rainer,0.56347752
sinead-brennan,0.563663483
amy-rowe,0.564453125
sarah-boslaugh,0.56447697
richard-porton,0.564821236
nigel-andrews,0.566467304
barbara-ellen,0.566542387
jonathan-roberts,0.567077637
rob-hunter,0.567384978
irene-crespo,0.568863213
courtney-button,0.571489334
richard-whittaker,0.57522586
justin-gerber,0.576171875
meena-iyer,0.577799482
adam-starkey,0.578125
graham-techler,0.578125
jack-sargeant,0.578125
rich-smith,0.578125
jaime-n-christley,0.578193702
philip-de-semlyen,0.578247309
sergio-lopez-aguirre,0.586977009
gersh-kuntzman,0.58984375
nick-rocco-scalia,0.590255737
rachel-chan,0.592285156
rupert-hawksley,0.59387207
lorraine-ali,0.594726563
dorothy-rabinowitz,0.595765591
jude-dry,0.597658492
alan-sepinwall,0.598266602
matt-goldberg,0.602589629
charles-taylor,0.603762538
claudia-connell,0.609375
peter-hall,0.609375
inkoo-kang,0.613349945
andrew-chan,0.614379883
ally-wybrew,0.625
camille-espiritu,0.625
chris-ball,0.625
courteney-tan,0.625
dante-james,0.625
elizabeth-adetula,0.625
gabriela-helfet,0.625
gwen-ihnat,0.625
josh-howey,0.625
kyndal-wilson,0.625
matthew-roe,0.625
nadine-matthews,0.625
nijla-mumin-19766,0.625
noemi-berkowitz,0.625
rebecca-nicholson,0.625
sean-gilman,0.625
stuart-heritage,0.625
trisha-brown,0.625
victoria-mcnally,0.625
katie-rife,0.625000238
gary-thompson,0.62500301
ed-williamson,0.625004292
arlin-golden,0.625247955
ed-bark,0.625324306
gloria-daniels-moss,0.625488281
david-rooney,0.625496152
juanma-fernandez-paris,0.625618547
gwilym-mumford,0.625980377
sr-rose-pacatte,0.62604183
jake-cole,0.626044455
stephen-carty,0.626224531
adam-fresco,0.626512548
dominick-suzanne-mayer-16665,0.626953244
alistair-ryder,0.626954109
jared-mobarak,0.627510108
diego-lerer,0.628546789
brian-formo,0.628913889
norman-wilner,0.629162438
justin-stewart,0.629639417
adam-woodward,0.630117655
miriam-di-nunzio,0.630863205
scott-menzel,0.633331895
sherilyn-connelly,0.633431517
andrew-lapin,0.633789063
david-prendeville,0.63671875
budd-wilkins,0.636719562
tony-stamp,0.636842072
henry-northmore,0.637023949
mark-dawidziak,0.637695313
brad-gullickson,0.640625
dominic-ellis,0.640625
marlow-stern,0.64097624
michael-coldwell,0.641191483
maitland-mcdonagh,0.641296668
michael-sauter,0.642031031
dan-jardine,0.642578364
rolando-gallego,0.642639697
chance-solem-pfeifer,0.644779107
chris-klimek,0.64868252
michael-heaton,0.651064533
carol-midgley,0.65625
dan-hudak,0.65625
david-griffin,0.65625
nell-minow,0.656260531
britt-hayes,0.656379715
jeffrey-lyles,0.656410714
boyd-van-hoeij,0.657007743
alexis-loinaz,0.6572613
sean-oconnell,0.657299995
danielle-solzman,0.659280814
michelle-alexandria,0.65940724
tim-appelo,0.660160066
sridhar-adivi,0.6640625
nick-pinkerton,0.664097594
carlos-losilla,0.664392173
shubha-shetty-saha,0.664801409
alachia-queen,0.669942856
eli-goldfarb,0.671875
rich-cross,0.67199707
aurelie-godet,0.67578125
nicolas-rapold,0.675781253
graham-fuller,0.679718022
blair-marnell,0.6875
francesca-angelini,0.6875
maura-judkis,0.6875
anna-storm,0.687504
josh-kupecki,0.687531483
andrew-dignan,0.688511645
chase-whale,0.689590931
reza-noorani,0.689606228
david-poland,0.689667448
wm-steven-humphrey,0.69140625
claudia-puig,0.691422032
sam-c-mac,0.698344535
emily-wheeler,0.699226379
soren-anderson,0.704165113
israel-acosta-aroche,0.708750265
eliza-c-thompson,0.715156555
dawn-burkes,0.71875
mark-matousek,0.71875
jr-southall,0.720825674
jack-rushall,0.729492188
david-nusair,0.732957587
melissa-camacho,0.733309126
isobel-yeap,0.739257813
ryan-stewart,0.742202759
amanda-carnac,0.75
dan-einav,0.75
dan-marcus,0.75
daniel-goldberg,0.75
delia-harrington-20768,0.75
edie-nugent,0.75
emma-stefansky,0.75
eric-diaz,0.75
fernando-andres,0.75
fred-kaplan,0.75
gabriel-roth,0.75
jenna-scherer,0.75
jonah-jeng,0.75
jonathon-dornbush,0.75
keri-lumm,0.75
leilani-polk,0.75
mack-rawden,0.75
marissa-martinelli,0.75
michael-walsh,0.75
rebecca-farley,0.75
rosie-knight,0.75
ryan-swen,0.75
samantha-celentano,0.75
sujit-chandrakumar,0.75
toba-singer,0.75
vanessa-bogart,0.75
yana-grebenyuk,0.75
odie-henderson,0.750000003
heather-wixson,0.750000149
julia-cooper,0.750003821
gregory-ellwood,0.750015259
adrian-ruiz,0.750015305
rex-reed,0.750020061
javier-perez,0.750062048
dave-mcginn,0.750154019
javier-cortijo,0.750184536
matthew-goudreau,0.750396729
steve-erickson,0.750494252
kaleem-aftab,0.750984311
joshua-yehl,0.751953125
katherine-monk,0.752029669
anisha-jhaveri,0.753909111
jay-kuehner,0.753910543
matt-shiverdecker,0.753969669
david-fear,0.753971339
brian-moylan,0.754000671
chris-gore,0.754272953
kevin-jagernauth,0.754379414
jordan-mintzer,0.754959025
bill-chambers,0.755127918
daniel-de-partearroyo,0.75636673
kevin-n-laforest,0.756490769
sofia-ochoa-rodriguez,0.757355714
pamela-pianezza,0.7578125
princess-weekes,0.7578125
benjamin-lee,0.75782207
mike-mccahill,0.758309431
teo-bugbee,0.758392367
ryan-gilbey,0.758752853
alison-de-souza,0.76171875
alexander-miller,0.765625
andy-chen,0.765625
caroline-siede,0.765625
yonca-talu,0.765869141
scott-wold,0.765884534
charles-koplinski,0.766175576
rashid-irani,0.766602532
burl-burlingame,0.769873793
carla-meyer,0.7700205
kerry-lengel,0.771263428
neeshita-nyayapati,0.771999359
hannah-woodhead,0.77347005
richard-brody,0.775268975
oliver-pfeiffer,0.777832031
chuck-barney,0.78125
brandon-judell,0.781250075
lisa-tsering,0.781250867
marten-carlson,0.782226563
blake-crane,0.782473087
devesh-sharma,0.782681406
elias-savada,0.782806635
erik-childress,0.782859805
helen-t-verongos,0.783238903
andy-webster,0.783447326
hugo-juarez,0.786132813
andrea-gronvall,0.78624344
jeff-strickler,0.786845814
todd-gilchrist,0.787148068
matt-looker,0.789680481
steven-mears,0.795898438
michael-pattison,0.79600597
kristen-page-kirby,0.796875
keith-watson-18542,0.798236029
jessica-mansfield,0.80078125
maria-vultaggio,0.80078125
stephen-romei,0.800802531
carlos-boyero,0.801334069
roe-mcdermott,0.805695535
ella-kemp,0.8125
justine-smith,0.8125
melanis-tai,0.8125
tony-sokol,0.8125
jeannette-catsoulis,0.812639237
alex-arabian,0.812866212
sandie-angulo-chen,0.812995196
amyana-bartley,0.813476563
alex-casey,0.813980104
nick-davis,0.815556085
lisa-jo-sagolla,0.816200256
kathy-fennessy,0.816545517
james-white,0.816658139
yvonne-condes,0.816772463
lucy-lau,0.819335938
adam-dileo,0.8203125
jason-newman,0.8203125
marisa-mirabal,0.8203125
rachel-saltz,0.820698861
dave-crewe,0.828125
genevieve-valentine,0.828140379
radheyan-simonpillai,0.833984457
jaime-fa-de-lucas,0.835925655
joe-dziemianowicz,0.841798783
emily-ashby,0.843535088
james-hanton,0.84375
brian-pendreigh,0.843900711
robert-koehler,0.844825989
randy-myers,0.845764399
jeff-beck,0.849934672
david-medsker,0.851766693
luke-spafford,0.857421875
alissa-simon,0.859747185
phil-hall,0.860056013
tim-coleman,0.860595703
prairie-miller,0.862433926
iquo-b-essien,0.865234375
damien-straker,0.865236318
dr-baker,0.875
jessica-jernigan,0.875
manon-de-reeper,0.875
nate-fisher,0.875
patti-greco,0.875
walter-v-addiego,0.875019078
michael-gingold,0.875244142
eleanor-ringel-cater,0.875314482
kristy-puchko,0.877020136
clint-oconnor,0.878189666
matt-pais,0.88478858
clayton-dillard,0.88587554
brendan-kelly,0.88762665
natalia-trzenko,0.890625
owen-gleiberman,0.891680719
eileen-jones,0.893185856
monica-castillo,0.893387591
justin-craig,0.893568039
daniel-green,0.89453125
glenn-kenny,0.894533411
david-martindale,0.90234375
adam-cook,0.906257629
jonathan-rosenbaum,0.906404504
javier-porta-fouz,0.906746757
jo-anne-titmarsh,0.907241822
james-lattimer,0.907527113
jaymes-durante,0.914550781
cj-prince,0.923828125
brianna-wellen,0.9375
paula-arantzazu-ruiz,0.937501106
stefan-pape,0.938476714
mike-dangelo,0.93945314
jennie-kermode,0.944059006
diana-saenger,0.945451349
loretta-goff,0.953125
ezequiel-obregon,0.956111908
sunayana-suresh,0.957836151
james-evans,0.980661962
s-james-wegg,0.98077395
jordan-crucchiola,0.984375
henry-stewart,0.988418826
deborah-young,0.994990852
paul-eksteen,0.99609375
