aa-dowd,0.0
aakash-karkare,0.0
aaron-hillis,0.0
aaron-neuwirth,0.0
aaron-pruner,0.0
aaron-riccio,0.0
aaron-yap,0.0
aarti-jhurani,0.0
abbey-bender,0.0
abbey-white,0.0
abby-olcese,0.0
abigail-chandler,0.0
abigail-jones,0.0
abigail-radnor,0.0
abraham-riesman,0.0
achala-upendran,0.0
adam-chapman,0.0
adam-chitwood,0.0
adam-clark-estes,0.0
adam-cook,0.0
adam-dileo,0.0
adam-fresco,0.0
adam-gabbatt,0.0
adam-graham,0.0
adam-lee-davies,0.0
adam-lowes,0.0
adam-nayman,0.0
adam-starkey,0.0
adam-sweeting,0.0
adam-thirlwell,0.0
adam-white,0.0
adam-woodward,0.0
adi-robertson,0.0
adolfo-c-martinez,0.0
adrian-carande,0.0
adrian-daub,0.0
adrian-mack,0.0
adrian-monserrat,0.0
adrian-ruiz,0.0
adrienne-jones,0.0
afiya-augustine,0.0
agnes-kegl,0.0
ailbhe-oreilly,0.0
aimee-knight,0.0
aimee-lee-abraham,0.0
aine-oconnor,0.0
aisha-harris,0.0
aisling-moloney,0.0
aj-caulfield,0.0
aja-romano,0.0
akemi-aiello,0.0
al-alexander,0.0
al-hoff,0.0
alachia-queen,0.0
alan-cerny,0.0
alan-corr,0.0
alan-jones,0.0
alan-ng,0.0
alan-pergament,0.0
alan-scherstuhl,0.0
alan-sepinwall,0.0
alan-small,0.0
alan-zilberman,0.0
alanah-pearce,0.0
alanna-martinez,0.0
alasdair-wilkins,0.0
albert-williams,0.0
alberto-abuin,0.0
alberto-bermejo,0.0
alberto-corona,0.0
alberto-luchini,0.0
alberto-saez-villarino,0.0
alec-bojalad,0.0
alejandra-jarillo,0.0
alejandro-aleman,0.0
alejandro-g-calvo,0.0
alejandro-lingenti,0.0
alejandro-turdo,0.0
alejandro-veciana,0.0
alessandra-codinha,0.0
alex-abad-santos,0.0
alex-arabian,0.0
alex-avard,0.0
alex-barasch,0.0
alex-bellotti,0.0
alex-bevan,0.0
alex-bhattacharji,0.0
alex-bozikovic,0.0
alex-casey,0.0
alex-cranz,0.0
alex-davidson,0.0
alex-doenau,0.0
alex-godfrey,0.0
alex-heeney,0.0
alex-leadbeater,0.0
alex-lines,0.0
alex-mclevy-16692,0.0
alex-mullane,0.0
alex-oconnell,0.0
alex-osborn,0.0
alex-ramon,0.0
alex-shephard,0.0
alex-watson,0.0
alex-welch,0.0
alex-zane,0.0
alexa-volland,0.0
alexander-miller,0.0
alexander-nazaryan,0.0
alexander-sorochan,0.0
alexander-zalben,0.0
alexandra-hepworth,0.0
alexandra-macaaron,0.0
alexandra-neill,0.0
alexandra-pollard,0.0
alexis-gunderson,0.0
alexis-loinaz,0.0
alexis-nedd,0.0
alexis-okeowo,0.0
ali-arikan,0.0
ali-barthwell,0.0
ali-catterall,0.0
ali-gray,0.0
ali-lopez,0.0
alice-blackhurst,0.0
alice-hinds,0.0
alice-murray,0.0
alice-vincent,0.0
alicia-adejobi,0.0
alicia-cohn,0.0
alicia-lutes,0.0
alison-de-souza,0.0
alison-gillmor,0.0
alison-graham,0.0
alison-herman,0.0
alison-lanier,0.0
alison-stevenson,0.0
alison-willmore,0.0
alissa-simon,0.0
alissa-wilkinson,0.0
alistair-harkness,0.0
alistair-ryder,0.0
aliya-whiteley,0.0
allan-hunter,0.0
allegra-frank,0.0
allen-salkin,0.0
allie-pape,0.0
allison-keene,0.0
allison-nichols,0.0
allison-shoemaker,0.0
ally-hickson,0.0
ally-wybrew,0.0
allyson-johnson,0.0
aloma-rodriguez,0.0
alonso-diaz-de-la-vega,0.0
alonso-duralde,0.0
alysia-urrutia,0.0
alyssa-fikse,0.0
alyssa-rasmus,0.0
alyssa-rosenberg,0.0
amanda-adame,0.0
amanda-bell,0.0
amanda-carnac,0.0
amanda-hayman,0.0
amanda-holpuch,0.0
amanda-jeronimus,0.0
amanda-keats,0.0
amanda-mazzillo,0.0
amanda-petrusich,0.0
amber-cortes,0.0
amber-dowling,0.0
amber-wilkinson,0.0
amelia-emberwing,0.0
amelia-navascues,0.0
amelia-nierenberg,0.0
amirah-mercer,0.0
amy-amatangelo,0.0
amy-blumsom,0.0
amy-bowker,0.0
amy-brady,0.0
amy-glynn,0.0
amy-imhoff,0.0
amy-nicholson,0.0
amy-plitt,0.0
amy-ratcliffe,0.0
amy-rowe,0.0
amy-taubin,0.0
amy-watts,0.0
amy-west,0.0
amy-wilkinson,0.0
amy-wolfe,0.0
amy-zimmerman,0.0
amyana-bartley,0.0
an-wilson,0.0
anaid-ramirez,0.0
anders-furze,0.0
andre-hereford,0.0
andre-meadows-20907,0.0
andre-seewood,0.0
andre-teh,0.0
andrea-chase,0.0
andrea-g-bermejo,0.0
andrea-gronvall,0.0
andrea-mandell,0.0
andrea-morabito,0.0
andrea-picard,0.0
andrea-reiher,0.0
andrea-smith,0.0
andrea-thompson,0.0
andreas-giannopoulos,0.0
andrei-kartashov,0.0
andres-oliva,0.0
andrew-barker,0.0
andrew-billen,0.0
andrew-blackie,0.0
andrew-bloom,0.0
andrew-carroll,0.0
andrew-chan,0.0
andrew-collins,0.0
andrew-dignan,0.0
andrew-dyce,0.0
andrew-flanagan,0.0
andrew-gruttadaro,0.0
andrew-husband,0.0
andrew-karpan,0.0
andrew-l-urban,0.0
andrew-lapin,0.0
andrew-liptak,0.0
andrew-lowry,0.0
andrew-marantz,0.0
andrew-marshall-16642,0.0
andrew-osborne,0.0
andrew-parker,0.0
andrew-pollard,0.0
andrew-pulver,0.0
andrew-simpson,0.0
andrew-todd,0.0
andrew-webster,0.0
andrew-winter,0.0
andrew-wright,0.0
andros-pineda,0.0
andy-behbakht,0.0
andy-chen,0.0
andy-crump,0.0
andy-hartup-18316,0.0
andy-kelly,0.0
andy-lea,0.0
andy-psyllides,0.0
andy-swift,0.0
andy-webster,0.0
angel-quintana,0.0
angela-lutz,0.0
angelica-jade-bastien,0.0
angelo-muredda,0.0
angie-errigo,0.0
angie-han,0.0
anisha-jhaveri,0.0
anita-katz,0.0
anjali-raguraman,0.0
ankita-chawla,0.0
ann-hornaday,0.0
anna-brain,0.0
anna-greer,0.0
anna-hartley,0.0
anna-kopco,0.0
anna-leszkiewicz,0.0
anna-menta,0.0
anna-osullivan-19911,0.0
anna-smith,0.0
anna-storm,0.0
anna-wesche,0.0
anne-cohen,0.0
anne-easton,0.0
anne-t-donahue,0.0
annie-sisk,0.0
annlee-ellingson,0.0
anoosh-chakelian,0.0
anthony-assad,0.0
anthony-breznican,0.0
anthony-guivas,0.0
anthony-kaufman,0.0
anthony-kirby,0.0
anthony-lane,0.0
anthony-morris,0.0
anthony-oconnor,0.0
anthony-ray-bench,0.0
anthony-salveggi,0.0
anton-bitel,0.0
antonia-quirke,0.0
antonio-camarillo,0.0
anwen-crawford,0.0
ao-scott,0.0
aodhan-gregory,0.0
aoife-oceallachain-20701,0.0
ap-kryza,0.0
aparita-bhandari,0.0
april-mcintyre,0.0
april-wolfe,0.0
aramide-tinubu,0.0
arantxa-luna,0.0
archie-grimm,0.0
argun-ulgen,0.0
ariana-bacle,0.0
ariana-romero,0.0
arianna-davis,0.0
ariel-henley,0.0
ariel-scotti,0.0
arielle-bernstein,0.0
arlin-golden,0.0
arturo-aguilar,0.0
arturo-magana,0.0
arya-ur,0.0
aryn-baker,0.0
ashleigh-kane,0.0
ashley-bulayo,0.0
ashley-clark,0.0
ashley-dye,0.0
ashley-g-terrell,0.0
ashley-menzel,0.0
ashley-moreno,0.0
ashley-ray-harris,0.0
aubrey-page,0.0
audra-schroeder,0.0
aurelie-dupire,0.0
aurelie-godet,0.0
austin-trunick,0.0
austin-williams,0.0
autumn-noel-kelly,0.0
avery-brese,0.0
avery-mcwilliams,0.0
avi-offer,0.0
barbara-ellen,0.0
barbara-shulgasser,0.0
barbara-vandenburgh,0.0
barney-harsent,0.0
barrie-hardymon,0.0
barry-hertz,0.0
barry-paris,0.0
baz-maguire,0.0
becky-fuller,0.0
becky-kukla,0.0
becky-lucas,0.0
becky-suter,0.0
ben-allen,0.0
ben-coleman,0.0
ben-croll,0.0
ben-dowell,0.0
ben-kaye,0.0
ben-kenigsberg,0.0
ben-kuchera,0.0
ben-lawrence-16824,0.0
ben-lindbergh,0.0
ben-neutze,0.0
ben-nicholson,0.0
ben-pearson,0.0
ben-philippe,0.0
ben-robins,0.0
ben-sachs,0.0
ben-sin,0.0
ben-skipper,0.0
ben-travers,0.0
ben-travis,0.0
ben-westhoff,0.0
benjamin-h-smith,0.0
benjamin-harguindey,0.0
benjamin-lee,0.0
benjamin-rabinovich,0.0
benjamin-wang,0.0
benji-wilson,0.0
bennett-campbell-ferguson-18,0.0
bennett-madison,0.0
bernard-boo,0.0
bernice-harrison,0.0
beth-accomando,0.0
beth-elderkin,0.0
beth-winchester,0.0
bethany-ao,0.0
bethany-jean-clement,0.0
bethonie-butler,0.0
betsy-bozdech,0.0
betsy-sherman,0.0
betty-jo-tucker,0.0
bilge-ebiri,0.0
bill-arceneaux,0.0
bill-brioux,0.0
bill-chambers,0.0
bill-clark,0.0
bill-gibron,0.0
bill-goodykoontz,0.0
bill-keveney,0.0
bill-newcott,0.0
bill-odriscoll,0.0
bill-prince,0.0
bill-stamets,0.0
bill-zwecker,0.0
billy-nilles,0.0
bindu-rai,0.0
blair-marnell,0.0
blake-crane,0.0
blake-goble,0.0
blake-howard,0.0
blake-williams,0.0
bob-bloom,0.0
bob-grimm,0.0
bob-mondello,0.0
bob-strauss,0.0
bobby-lepire,0.0
bobby-roberts,0.0
bojana-duric,0.0
bonnie-stiernberg,0.0
boon-chan,0.0
boyd-van-hoeij,0.0
brad-gullickson,0.0
brad-keefe,0.0
brad-mariano,0.0
brad-miska,0.0
brad-newsome,0.0
brad-oswald,0.0
brad-wheeler,0.0
bradley-gibson,0.0
bradley-russell,0.0
bradley-warren,0.0
brady-dale,0.0
brandon-judell,0.0
brandon-katz,0.0
brandon-latham,0.0
brandon-nowalk,0.0
brendan-kelly,0.0
brent-mcknight,0.0
brett-mccracken,0.0
brett-pardy,0.0
brett-white,0.0
bri-lockhart-16153,0.0
brian-collins,0.0
brian-costello,0.0
brian-d-johnson,0.0
brian-donaldson,0.0
brian-formo,0.0
brian-gibson,0.0
brian-grubb,0.0
brian-lowry,0.0
brian-lynch,0.0
brian-marks,0.0
brian-moylan,0.0
brian-o-tiomain,0.0
brian-orndorf,0.0
brian-p-kelly,0.0
brian-pendreigh,0.0
brian-quinn,0.0
brian-roan,0.0
brian-seibert,0.0
brian-tallerico,0.0
brian-thompson,0.0
brian-truitt,0.0
brian-viner,0.0
brian-welk,0.0
briana-younger,0.0
brianna-kirkham,0.0
brianna-wellen,0.0
bridget-lamonica,0.0
brigit-grant,0.0
britt-hayes,0.0
brittany-spanos,0.0
brittany-volk,0.0
britton-peele,0.0
brock-wilbur,0.0
brogan-morris,0.0
brooke-cain,0.0
brooke-corso,0.0
bruce-andriatch,0.0
bruce-demara,0.0
bryan-armen-graham,0.0
bryan-bishop,0.0
bryan-rolli,0.0
bryan-washington,0.0
bryonna-mention,0.0
budd-wilkins,0.0
burl-burlingame,0.0
cady-lang,0.0
caitlin-e-oconner,0.0
caitlin-penzeymoog,0.0
caitlin-quinlan,0.0
callie-watts,0.0
calum-henderson,0.0
calum-marsh,0.0
calvin-wilson,0.0
cameron-glover,0.0
cameron-k-mcewan,0.0
cameron-mcallister,0.0
cameron-meier,0.0
cameron-williams,0.0
camilla-long,0.0
camille-espiritu,0.0
candice-frederick,0.0
caralynn-lippo,0.0
carissa-pavlica,0.0
carl-kozlowski,0.0
carl-wilson,0.0
carla-cisneros,0.0
carla-day,0.0
carla-meyer,0.0
carla-wintersgill,0.0
carlos-bonfil,0.0
carlos-boyero,0.0
carlos-canas,0.0
carlos-del-rio,0.0
carlos-diaz-reyes,0.0
carlos-esquives,0.0
carlos-f-heredero,0.0
carlos-jesus-gonzalez,0.0
carlos-losilla,0.0
carlos-maranon,0.0
carlos-rgo,0.0
carlos-soto-campos,0.0
carlos-valladares,0.0
carlota-mosegui,0.0
carly-lane,0.0
carmen-gray,0.0
carol-midgley,0.0
caroline-cao,0.0
caroline-crampton,0.0
caroline-framke,0.0
caroline-preece,0.0
caroline-siede,0.0
caroline-westbrook,0.0
carolyn-hinds,0.0
carolyn-l-todd,0.0
carrie-r-wheadon,0.0
carrie-raisler,0.0
carrie-rickey,0.0
carson-lund,0.0
cary-darling,0.0
caryn-james,0.0
caryn-welby-solomon,0.0
casey-cipriani,0.0
caspar-salmon,0.0
cassam-looch,0.0
cassie-da-costa-19917,0.0
catalina-combs,0.0
cate-young,0.0
cath-clarke,0.0
catherina-gioino,0.0
catherine-bray,0.0
catherine-gee,0.0
catherine-nixey,0.0
catherine-pearson,0.0
catherine-phillips,0.0
catherine-shoard,0.0
catherine-wheatley,0.0
cathy-butler,0.0
catriona-wightman,0.0
cavan-mcginsie,0.0
cecilia-nowell,0.0
ceri-radford,0.0
ch-newell,0.0
chaim-gartenberg,0.0
chance-solem-pfeifer,0.0
chancellor-agard,0.0
chandler-levack,0.0
charles-bramesco,0.0
charles-ealy,0.0
charles-gant,0.0
charles-koplinski,0.0
charles-mudede,0.0
charles-pulliam-moore,0.0
charles-solomon,0.0
charles-steinberg,0.0
charles-taylor,0.0
charlie-deitch,0.0
charlie-hall,0.0
charlie-lyne,0.0
charlie-mason,0.0
charlie-oughton,0.0
charlie-phillips,0.0
charline-jao,0.0
charlotte-heathcote,0.0
charlotte-osullivan,0.0
charlotte-ross,0.0
charmaine-soh,0.0
chase-burns,0.0
chase-whale,0.0
chelsea-hensley,0.0
chelsea-phillips-carr,0.0
chelsea-tatham,0.0
chelsey-grasso,0.0
cheryl-eddy,0.0
chetna-kapoor,0.0
chitra-ramaswamy,0.0
chloe-lizotte,0.0
chloe-roddick,0.0
chloe-schama,0.0
chloe-walker,0.0
chris-agar,0.0
chris-alexander,0.0
chris-ball,0.0
chris-barsanti,0.0
chris-barton,0.0
chris-bennion,0.0
chris-bright,0.0
chris-bumbray,0.0
chris-cabin,0.0
chris-coffel,0.0
chris-cummins,0.0
chris-e-hayner,0.0
chris-evangelista,0.0
chris-gore,0.0
chris-hanna,0.0
chris-harnick,0.0
chris-harvey,0.0
chris-hayner,0.0
chris-hewitt,0.0
chris-hewitt-4371,0.0
chris-hunneysett,0.0
chris-klimek,0.0
chris-knight,0.0
chris-longo,0.0
chris-longridge,0.0
chris-morgan,0.0
chris-nashawaty,0.0
chris-newbould,0.0
chris-osterndorf,0.0
chris-packham,0.0
chris-plante,0.0
chris-rattan,0.0
chris-ryan,0.0
chris-sawin,0.0
chris-schulz,0.0
chris-scott,0.0
chris-stuckmann,0.0
chris-tilly,0.0
chris-vognar,0.0
chris-wasser,0.0
christian-bone,0.0
christian-holub,0.0
christian-lorentzen,0.0
christian-toto,0.0
christina-kuntz,0.0
christina-newland,0.0
christine-friar,0.0
christine-iyer,0.0
christine-orlando,0.0
christine-seghers,0.0
christoph-huber,0.0
christopher-campbell,0.0
christopher-carroll,0.0
christopher-frizzelle,0.0
christopher-gray,0.0
christopher-hooton,0.0
christopher-kompanek,0.0
christopher-lawrence,0.0
christopher-llewellyn-reed,0.0
christopher-machell,0.0
christopher-null,0.0
christopher-orr,0.0
christopher-rosen,0.0
christopher-schobert,0.0
christopher-small,0.0
christopher-spata,0.0
christopher-stevens,0.0
christy-lemire,0.0
chuck-barney,0.0
chuck-bowen,0.0
chuck-wilson,0.0
chus-perez-giron,0.0
cian-geoghegan,0.0
cian-traynor,0.0
ciara-dolan,0.0
ciara-wardlow,0.0
cj-johnson,0.0
cj-prince,0.0
clair-woodward,0.0
claire-langlais,0.0
claire-mcnear,0.0
claire-spellberg,0.0
clara-mae,0.0
clarence-tsui,0.0
clarisse-loughrey,0.0
clark-collis,0.0
claudia-bauer,0.0
claudia-connell,0.0
claudia-puig,0.0
clay-cane,0.0
clayton-davis,0.0
clayton-dillard,0.0
clayton-purdom,0.0
clint-c,0.0
clint-oconnor,0.0
clint-worthington,0.0
clio-chang,0.0
cody-schmitz,0.0
cole-smithey,0.0
colette-bancroft,0.0
colin-biggs,0.0
colin-covert,0.0
colin-dabkowski,0.0
colin-dray,0.0
colin-mcguire,0.0
colin-vickery,0.0
colleen-wright,0.0
conner-schwerdtfeger,0.0
connie-gibbs,0.0
conor-bateman,0.0
conor-odonnell,0.0
conrad-doucette,0.0
constance-grady,0.0
corey-chichizola,0.0
corey-hughes,0.0
cory-barker,0.0
courteney-tan,0.0
courtney-button,0.0
courtney-e-smith,0.0
courtney-howard,0.0
craig-byrne,0.0
craig-d-lindsey,0.0
craig-mathieson,0.0
craig-owen-jones-17613,0.0
craig-takeuchi,0.0
craig-williams,0.0
cricket-epstein,0.0
cristina-moreno,0.0
crystal-sparrow,0.0
curt-wagner,0.0
curtis-cook,0.0
cynthia-fuchs,0.0
dale-mcgarrigle,0.0
damian-moreno,0.0
damian-whitworth,0.0
damien-straker,0.0
damon-linker,0.0
damon-wise,0.0
dan-barrett,0.0
dan-caffrey,0.0
dan-callahan,0.0
dan-casey,0.0
dan-einav,0.0
dan-fainaru,0.0
dan-fienberg,0.0
dan-gentile,0.0
dan-grossman,0.0
dan-gunderman,0.0
dan-heching,0.0
dan-hudak,0.0
dan-jardine,0.0
dan-jolin,0.0
dan-lybarger,0.0
dan-marcus,0.0
dan-martin,0.0
dan-mecca,0.0
dan-schindel,0.0
dan-seitz,0.0
dan-sullivan,0.0
dan-webster,0.0
dana-alston,0.0
dana-barbuto,0.0
dana-schwartz,0.0
dana-stevens,0.0
dana-villamagna,0.0
danette-chavez,0.0
dani-levy,0.0
danica-leninsky,0.0
daniel-barnes,0.0
daniel-bernal,0.0
daniel-cairns,0.0
daniel-daddario-17100,0.0
daniel-de-partearroyo,0.0
daniel-eagan,0.0
daniel-felsenthal,0.0
daniel-gelb,0.0
daniel-goldberg,0.0
daniel-goodwin,0.0
daniel-green,0.0
daniel-jackson,0.0
daniel-johnson,0.0
daniel-kasman,0.0
daniel-krauze,0.0
daniel-krupa,0.0
daniel-kurland,0.0
daniel-m-gold,0.0
daniel-m-kimmel,0.0
daniel-neman-17820,0.0
daniel-palmer,0.0
daniel-rasmus,0.0
daniel-rutledge,0.0
daniel-seddon,0.0
daniel-walber,0.0
daniella-bondar,0.0
daniella-shreir,0.0
danielle-corcione,0.0
danielle-ohl,0.0
danielle-ransom,0.0
danielle-solzman,0.0
danielle-valente,0.0
danielle-white,0.0
danilo-castro,0.0
dann-gire,0.0
danny-king,0.0
danny-leigh,0.0
danny-minton,0.0
dante-james,0.0
daphne-howland,0.0
darcel-rockett,0.0
darian-lusk,0.0
darragh-mcmanus,0.0
darren-franich,0.0
darren-richman,0.0
darren-ruecker,0.0
darren-scott,0.0
daryl-macdonald,0.0
daudi-abe,0.0
dave-calhoun,0.0
dave-crewe,0.0
dave-mcginn,0.0
dave-nemetz,0.0
dave-schilling,0.0
dave-searle,0.0
dave-segal,0.0
dave-trumbore,0.0
dave-vitagliano,0.0
dave-white,0.0
davette-see,0.0
david-aldridge,0.0
david-bernal,0.0
david-berry,0.0
david-betancourt,0.0
david-bianculli,0.0
david-bixenspan,0.0
david-butcher,0.0
david-cairns,0.0
david-canfield,0.0
david-clack,0.0
david-crow,0.0
david-darcy,0.0
david-edelstein,0.0
david-ehrenstein,0.0
david-ehrlich,0.0
david-fear,0.0
david-fontana,0.0
david-frese,0.0
david-goldberg,0.0
david-griffin,0.0
david-hinckley,0.0
david-houghton,0.0
david-hughes,0.0
david-james,0.0
david-jenkins,0.0
david-kaplan,0.0
david-kettle,0.0
david-keyes,0.0
david-lewis,0.0
david-mad-dog-bradley,0.0
david-martindale,0.0
david-medsker,0.0
david-n-butterworth,0.0
david-noh,0.0
david-nusair,0.0
david-oppedisano,0.0
david-parkinson,0.0
david-poland,0.0
david-prendeville,0.0
david-renshaw,0.0
david-rooney,0.0
david-sackllah,0.0
david-se-zapanta,0.0
david-segal,0.0
david-sexton,0.0
david-sims,0.0
david-stratton,0.0
david-stubbs,0.0
david-sztypuljak,0.0
david-tejero-nogales,0.0
david-turpin,0.0
david-walters,0.0
david-wharton,0.0
david-wiegand,0.0
david-yaffe,0.0
david-zurawik,0.0
dawn-burkes,0.0
dayna-evans,0.0
dean-lamanna,0.0
debashine-thangevelo,0.0
debbi-snook,0.0
deborah-krieger,0.0
deborah-ross,0.0
deborah-young,0.0
debra-craine,0.0
debra-yeo,0.0
deidre-johnson,0.0
deirdre-de-grae,0.0
deirdre-molumby,0.0
delia-harrington,0.0
delia-harrington-20768,0.0
demetrios-matheou,0.0
dennis-harvey,0.0
dennis-perkins,0.0
dennis-schwartz,0.0
derek-lawrence,0.0
derek-malcolm,0.0
derek-smith,0.0
derrick-rossignol-18644,0.0
devan-coggan,0.0
devesh-sharma,0.0
devika-girish,0.0
devin-raposo,0.0
devon-maloney,0.0
devra-first,0.0
df-lovett,0.0
diana-dabrowska,0.0
diana-metzger,0.0
diana-saenger,0.0
diana-sanchez-uranga,0.0
diana-su,0.0
diane-carson,0.0
diane-pershing,0.0
diane-werts,0.0
diego-batlle-18293,0.0
diego-lerer,0.0
diego-salgado,0.0
diego-semerene,0.0
diondra-powers,0.0
dipanjan-sinha,0.0
dirk-libbey,0.0
diva-velez,0.0
dl-mayfield,0.0
dom-sinacola,0.0
dominic-corry,0.0
dominic-ellis,0.0
dominic-maxwell,0.0
dominick-suzanne-mayer-16665,0.0
dominik-kamalzadeh,0.0
don-kaplan,0.0
don-kaye,0.0
donald-clarke,0.0
donald-strohman,0.0
donna-bowman,0.0
donnie-kwak,0.0
doreen-st-felix,0.0
doris-toumarkine,0.0
dorothy-rabinowitz,0.0
dorothy-woodend,0.0
dov-kornits,0.0
dr-baker,0.0
drew-grant,0.0
drew-mcweeny,0.0
drew-taylor,0.0
duane-byrge,0.0
duarte-garrido,0.0
duncan-gray,0.0
duncan-greive,0.0
durga-chew-bose,0.0
dustin-krcatovich,0.0
dustin-messer,0.0
dustin-putman,0.0
dustin-rowles,0.0
dwight-brown-18916,0.0
dylan-green,0.0
dylan-walker,0.0
e-oliver-whitney,0.0
e-stephen-burnett,0.0
ed-bark,0.0
ed-cumming,0.0
ed-frankl,0.0
ed-gibbs,0.0
ed-gonzalez,0.0
ed-gross,0.0
ed-halter,0.0
ed-potton,0.0
ed-power-16789,0.0
ed-whitfield,0.0
ed-williamson,0.0
ed-yong,0.0
eddie-cockrell,0.0
eddie-harrison,0.0
eddie-strait,0.0
eder-campuzano,0.0
edgardo-resendiz,0.0
edie-nugent,0.0
edmund-lee,0.0
edu-galan,0.0
eduardo-molina,0.0
edurne-larumbe-villarreal,0.0
edward-douglas,0.0
edward-havens,0.0
edward-johnson-ott,0.0
edward-lawrenson,0.0
edward-porter,0.0
eileen-jones,0.0
ela-bittencourt,0.0
elahe-izadi,0.0
elaine-lee,0.0
eleanor-bley-griffiths,0.0
eleanor-halls,0.0
eleanor-mcsherry,0.0
eleanor-ringel-cater,0.0
elena-lazic,0.0
elena-nicolaou,0.0
elena-razlogova,0.0
eli-fine,0.0
eli-glasner-20431,0.0
eli-goldfarb,0.0
eli-sanders,0.0
eliana-dockterman,0.0
elias-savada,0.0
elijah-taylor,0.0
elina-alter,0.0
elinor-jones,0.0
elisabeth-vincentelli,0.0
elise-nakhnikian,0.0
elisenda-n-frisach,0.0
eliza-c-thompson,0.0
elizabeth-adetula,0.0
elizabeth-harlow,0.0
elizabeth-kerr,0.0
elizabeth-kiefer,0.0
elizabeth-rayne,0.0
elizabeth-weitzman,0.0
elizabeth-zimmer,0.0
ella-donald,0.0
ella-kemp,0.0
ella-taylor,0.0
ellen-brait,0.0
ellen-e-jones,0.0
ellen-gray,0.0
ellen-murray,0.0
ellen-vanstone,0.0
ellie-harrison,0.0
ellie-walker-arnott,0.0
elliott-noble,0.0
ellyn-puleio,0.0
eloise-ross,0.0
emiliano-basile,0.0
emilly-prado,0.0
emily-ashby,0.0
emily-bray,0.0
emily-breen,0.0
emily-gaudette,0.0
emily-j-smith,0.0
emily-jane-fox,0.0
emily-kelly,0.0
emily-l-stephens,0.0
emily-longeretta,0.0
emily-nussbaum,0.0
emily-sears,0.0
emily-wheeler,0.0
emily-yahr,0.0
emily-yoshida,0.0
emily-zemler,0.0
emine-saner,0.0
emma-fraser,0.0
emma-johnston,0.0
emma-jones,0.0
emma-simmonds,0.0
emma-stefansky,0.0
emmanuel-akitobi,0.0
emmanuel-baez,0.0
enrique-solorzano,0.0
eric-barroso,0.0
eric-d-snider,0.0
eric-deggans,0.0
eric-diaz,0.0
eric-eisenberg,0.0
eric-goldman,0.0
eric-hegedus,0.0
eric-henderson,0.0
eric-hynes,0.0
eric-joseph,0.0
eric-kohn,0.0
eric-melin,0.0
eric-monder,0.0
eric-renner-brown,0.0
eric-thurm,0.0
eric-walden,0.0
eric-webb,0.0
erica-abeel,0.0
erica-lies,0.0
erick-estrada,0.0
erick-ortiz,0.0
erik-adams,0.0
erik-childress,0.0
erik-davis,0.0
erik-henriksen,0.0
erik-kain,0.0
erik-pedersen,0.0
erika-balsom,0.0
erika-w-smith,0.0
erin-crabtree,0.0
erin-free,0.0
erin-giannini,0.0
erin-stewart,0.0
ernesto-diezmartinez,0.0
ernesto-zelaya,0.0
errol-morris,0.0
esau-mccaulley,0.0
estelle-tang,0.0
esther-zuckerman,0.0
ethan-alter,0.0
ethan-anderton,0.0
ethan-leung,0.0
ethan-renner,0.0
ethan-sacks,0.0
ethan-vestby,0.0
euan-ferguson,0.0
eva-short,0.0
evan-griffin,0.0
evan-kindley,0.0
evan-manning,0.0
evan-narcisse,0.0
evan-read-armstrong,0.0
evan-rodriguez,0.0
evan-romano,0.0
evan-saathoff,0.0
evan-valentine-17965,0.0
eve-barlow,0.0
eve-macsweeney,0.0
eve-watling,0.0
ezequiel-boetti,0.0
ezequiel-obregon,0.0
farran-smith-nehme,0.0
fausto-fernandez,0.0
fausto-ponce,0.0
federico-chunga,0.0
felicity-campbell,0.0
felipe-tapia,0.0
felipe-vicente,0.0
felix-vasquez-jr,0.0
fernanda-solorzano,0.0
fernando-alvarez,0.0
fernando-andres,0.0
fernando-e-juan-lima,0.0
fernando-santoyo-tello,0.0
fico-cangiano,0.0
filipe-freitas,0.0
fiona-sturges,0.0
fiona-williams,0.0
fionnuala-halligan,0.0
foong-woei-wan,0.0
ford-maddox-brown,0.0
forrest-cardamenis,0.0
frances-taylor,0.0
francesca-angelini,0.0
francesca-rudkin,0.0
francine-prose,0.0
francisco-marinero,0.0
frank-lovece,0.0
frank-scheck,0.0
frank-swietek,0.0
frank-wilkins,0.0
franki-gambino,0.0
frannie-ucciferri,0.0
fraser-abe,0.0
frazier-moore,0.0
fred-camper,0.0
fred-kaplan,0.0
fred-mcnamara,0.0
fred-topel,0.0
frederic-and-mary-ann-brussa,0.0
g-allen-johnson,0.0
gabriel-bergmoser,0.0
gabriel-roth,0.0
gabriel-tate,0.0
gabriela-helfet,0.0
gabrielle-bondi,0.0
gabrielle-schwarz,0.0
gail-pennington,0.0
gail-tolley,0.0
gareth-evans,0.0
gareth-thornton,0.0
garret-castleberry,0.0
garrett-martin,0.0
garry-mcconnachie,0.0
garth-franklin,0.0
gary-dowell,0.0
gary-garrison,0.0
gary-goldstein,0.0
gary-m-kramer,0.0
gary-rotstein,0.0
gary-shannon,0.0
gary-thompson,0.0
gary-wolcott,0.0
gaspar-zimerman,0.0
gav-murphy,0.0
gavia-baker-whitelaw,0.0
gavin-jasper,0.0
gayle-macdonald,0.0
gem-seddon,0.0
gem-wheeler,0.0
gemma-creagh,0.0
gemma-pecorini-goodall,0.0
gene-seymour,0.0
genevieve-koski,0.0
genevieve-valentine,0.0
geoff-andrew,0.0
geoff-berkshire,0.0
geoffrey-macnab,0.0
geoffrey-obrien,0.0
geoffrey-reiter,0.0
george-art-baker,0.0
george-fenwick,0.0
george-simpson,0.0
george-sully,0.0
george-thomas,0.0
george-wu,0.0
georgette-pierre,0.0
gerald-peary,0.0
gerard-casau,0.0
gerard-odonovan,0.0
germain-lussier,0.0
gersh-kuntzman,0.0
gianna-folz,0.0
gilbert-adair,0.0
giles-hardie,0.0
gillian-anderson,0.0
gillian-branstetter,0.0
gillie-collins,0.0
gina-mcintyre,0.0
giovanni-marchini-camia,0.0
giselle-au-nhien-nguyen,0.0
giulia-heyward,0.0
gleana-albritton,0.0
glen-weldon,0.0
glenn-dunks,0.0
glenn-gamboa,0.0
glenn-garvin,0.0
glenn-heath-jr,0.0
glenn-kenny,0.0
glenn-lovell,0.0
glenn-sumi,0.0
glenn-whipp,0.0
gloria-daniels-moss,0.0
godfrey-cheshire,0.0
gonzalo-hernandez-espinosa,0.0
gonzalo-lira-galvan,0.0
grace-olmstead,0.0
graeme-blundell,0.0
graeme-tuckett,0.0
graeme-virtue,0.0
graham-fuller,0.0
graham-techler,0.0
grant-jonsson,0.0
grant-rollings,0.0
greg-bruce,0.0
greg-cwik,0.0
greg-dolgopolov,0.0
greg-klymkiw,0.0
greg-kot,0.0
greg-maki,0.0
gregory-ellwood,0.0
gregory-lamberson,0.0
gregory-wakeman-16597,0.0
gregory-weinkauf,0.0
guido-pellegrini,0.0
gus-edgar,0.0
guy-lodge,0.0
gwen-ihnat,0.0
gwilym-mumford,0.0
hal-boedeker,0.0
haleigh-foutch,0.0
hamish-macbain,0.0
hanh-nguyen,0.0
hanif-abdurraqib,0.0
hank-stuever,0.0
hannah-brown,0.0
hannah-giorgis,0.0
hannah-j-davies,0.0
hannah-lemass,0.0
hannah-lynn,0.0
hannah-mcgill,0.0
hannah-rose,0.0
hannah-woodhead,0.0
hans-rollman,0.0
hari-raj,0.0
harriet-fitch-little,0.0
harry-guerin,0.0
harry-haun,0.0
harry-kloman,0.0
harry-readhead,0.0
harry-siegel,0.0
harry-windsor,0.0
harvey-s-karten,0.0
hayden-mears,0.0
hazem-fahmy,0.0
heather-mason,0.0
heather-schwedel,0.0
heather-wixson,0.0
helen-herimbi,0.0
helen-lewis,0.0
helen-ohara-12122,0.0
helen-rosner,0.0
helen-t-verongos,0.0
henry-barnes,0.0
henry-fitzherbert,0.0
henry-heffer,0.0
henry-k-miller,0.0
henry-northmore,0.0
henry-stewart,0.0
hilary-a-white,0.0
hillary-busis,0.0
hillary-kelly,0.0
hilton-als,0.0
hoai-tran-bui,0.0
hugh-armitage,0.0
hugh-muir,0.0
hugo-hernandez-valdivia,0.0
hugo-juarez,0.0
hugo-lara,0.0
hugo-maguey,0.0
hugo-rifkind,0.0
hunter-harris,0.0
hunter-lanier,0.0
huw-fullerton,0.0
iain-mcnally,0.0
iain-robertson,0.0
ian-barr-14222,0.0
ian-crouch,0.0
ian-freer,0.0
ian-hyland,0.0
ian-mantgani,0.0
ian-nathan,0.0
ian-sandwell,0.0
ian-waldron-mantgani,0.0
ian-white,0.0
icnitl-y-garcia,0.0
ignacio-navarro,0.0
ignatiy-vishnevetsky,0.0
ilana-kaplan,0.0
imogen-sara-smith,0.0
imogen-west-knights,0.0
india-ross,0.0
indra-arriaga,0.0
inkoo-kang,0.0
iquo-b-essien,0.0
ira-franco,0.0
ira-madison-iii,0.0
irene-crespo,0.0
irene-falvey,0.0
irene-hsu,0.0
isaac-feldberg,0.0
isabel-mohan,0.0
isabel-s-dieppa,0.0
isabel-stevens,0.0
isabella-biedenharn,0.0
isabelle-galet-lalande,0.0
isobel-raphael,0.0
isobel-yeap,0.0
israel-acosta-aroche,0.0
israel-paredes,0.0
issy-sampson,0.0
ivan-belmont,0.0
j-hoberman,0.0
j-hurtado,0.0
j-olson,0.0
j-r-jones,0.0
jac-kern,0.0
jack-bottomley,0.0
jack-giroux,0.0
jack-godwin,0.0
jack-gracie,0.0
jack-ori,0.0
jack-price,0.0
jack-rushall,0.0
jack-sargeant,0.0
jack-seale,0.0
jack-shepherd,0.0
jackie-k-cooper,0.0
jackson-mchenry,0.0
jacob-hall,0.0
jacob-knight,0.0
jacob-oller,0.0
jacob-soll,0.0
jacob-stolworthy,0.0
jacqueline-coley,0.0
jacqui-blue,0.0
jada-yuan,0.0
jade-budowski,0.0
jagdeesh-mann,0.0
jahkotta-lewis,0.0
jaime-fa-de-lucas,0.0
jaime-n-christley,0.0
jaime-pena,0.0
jake-cole,0.0
jake-coyle,0.0
jake-flores,0.0
jake-harris,0.0
jake-kring-schreifels,0.0
jake-nevins,0.0
jake-pesaruk,0.0
jake-pitre,0.0
jake-wilson,0.0
jamal-dean-grootboom,0.0
jamelle-bouie,0.0
james-adams,0.0
james-b-evans,0.0
james-bartlett,0.0
james-belfield,0.0
james-berardinelli,0.0
james-bridcut,0.0
james-croot,0.0
james-delingpole,0.0
james-donaghy,0.0
james-dyer,0.0
james-evans,0.0
james-greenberg,0.0
james-hadfield,0.0
james-hannah-edelstein,0.0
james-hanton,0.0
james-hennessy,0.0
james-hibberd,0.0
james-hunt,0.0
james-jackson,0.0
james-kendrick,0.0
james-lattimer,0.0
james-luxford,0.0
james-marsh,0.0
james-mottram,0.0
james-parker,0.0
james-plath,0.0
james-poniewozik,0.0
james-pugh,0.0
james-segal,0.0
james-slaymaker,0.0
james-stansfield,0.0
james-verniere,0.0
james-waldron,0.0
james-walton,0.0
james-whitbrook,0.0
james-white,0.0
james-wolcott,0.0
jamie-broadnax,0.0
jamie-davies,0.0
jamie-dunn,0.0
jamie-east,0.0
jamie-graham,0.0
jamie-healy,0.0
jamie-neish,0.0
jamie-righetti,0.0
jan-lee,0.0
jan-moir,0.0
jana-monji,0.0
jana-pollack,0.0
jane-bowron,0.0
jane-crowther,0.0
jane-horwitz,0.0
jane-hu,0.0
jane-mulkerrins,0.0
janelle-okwodu,0.0
janet-smith,0.0
janice-loreck,0.0
janice-page,0.0
janire-zurbano,0.0
jared-mobarak,0.0
jared-rasic,0.0
jarret-myer,0.0
jarrod-walker,0.0
jasmine-ballew,0.0
jasmine-blu,0.0
jasmine-sanders,0.0
jason-anderson,0.0
jason-bailey,0.0
jason-barlow,0.0
jason-bechervaise,0.0
jason-best,0.0
jason-di-rosso,0.0
jason-gorber,0.0
jason-guerrasio,0.0
jason-newman,0.0
jason-ooi,0.0
jason-rhode,0.0
jason-solomons,0.0
jason-tabrys,0.0
jason-wilson,0.0
jason-zingale,0.0
jason-zinoman,0.0
jasper-rees,0.0
javier-cortijo,0.0
javier-h-estrada,0.0
javier-ocana,0.0
javier-perez,0.0
javier-porta-fouz,0.0
jay-bamber,0.0
jay-horton,0.0
jay-kuehner,0.0
jay-ruymann,0.0
jay-stone,0.0
jay-weissberg,0.0
jaymes-durante,0.0
jazmine-joyner,0.0
jd-gillam,0.0
jean-bentley,0.0
jean-lowerison,0.0
jean-westmoore,0.0
jeanmarie-tan,0.0
jeanne-kaplan,0.0
jeannette-catsoulis,0.0
jef-rouner,0.0
jeff-beck,0.0
jeff-jensen,0.0
jeff-labrecque,0.0
jeff-reed,0.0
jeff-simon,0.0
jeff-stone,0.0
jeff-strickler,0.0
jeffrey-bloomer,0.0
jeffrey-edalatpour,0.0
jeffrey-fleishman,0.0
jeffrey-lyles,0.0
jeffrey-m-anderson,0.0
jeffrey-overstreet,0.0
jen-aswad,0.0
jen-chaney,0.0
jen-yamato,0.0
jenna-busch,0.0
jenna-dorsi,0.0
jenna-scherer,0.0
jenni-miller,0.0
jenni-moore,0.0
jennie-kermode,0.0
jennifer-gannon,0.0
jennifer-keishin-armstrong,0.0
jennifer-krasinski,0.0
jennifer-logue,0.0
jennifer-lynde-barker,0.0
jennifer-still,0.0
jennifer-szalai,0.0
jennifer-wright,0.0
jenny-feniak,0.0
jenny-jaffe-19953,0.0
jenny-mccartney,0.0
jenny-nixon,0.0
jenny-nulf,0.0
jeremy-aspinall,0.0
jeremy-carr,0.0
jeremy-egner,0.0
jeremy-elphick,0.0
jeremy-heilman,0.0
jeremy-jahns,0.0
jeremy-mathews,0.0
jeremy-smith,0.0
jerilyn-jordan,0.0
jesse-cataldo,0.0
jesse-david-fox,0.0
jesse-hassenger,0.0
jesse-schedeen,0.0
jessi-cape,0.0
jessica-baxter,0.0
jessica-breaux,0.0
jessica-derschowitz,0.0
jessica-earnshaw,0.0
jessica-ellicott,0.0
jessica-fu,0.0
jessica-goldstein,0.0
jessica-jernigan,0.0
jessica-kiang,0.0
jessica-mansfield,0.0
jessica-mason,0.0
jessica-oliva,0.0
jessica-ritchey,0.0
jessica-shaw,0.0
jessica-toomer,0.0
jessie-carpenter,0.0
jesus-chavarria,0.0
jill-wilson,0.0
jim-alexander,0.0
jim-brunzell-iii,0.0
jim-dandy,0.0
jim-dixon,0.0
jim-judy,0.0
jim-lane,0.0
jim-schembri,0.0
jim-shelley,0.0
jim-slotek,0.0
jim-vejvoda,0.0
jim-vorel,0.0
jimi-famurewa,0.0
jimmy-nsubuga,0.0
jimmyo,0.0
jj-nattrass,0.0
jj-negrete,0.0
jl-bell,0.0
jm-mutore,0.0
jm-suarez-15400,0.0
jo-anne-rowney,0.0
jo-anne-titmarsh,0.0
jo-berry,0.0
jo-bradley,0.0
joanna-hunkin,0.0
joanna-langfield,0.0
joanna-robinson,0.0
joanne-ostrow,0.0
joanne-soh,0.0
jocelyn-noveck,0.0
jodi-sh-doff,0.0
jodi-walker,0.0
jody-mitori,0.0
joe-anderton,0.0
joe-bendel,0.0
joe-blessing,0.0
joe-boden,0.0
joe-clay,0.0
joe-dziemianowicz,0.0
joe-gross,0.0
joe-lapointe,0.0
joe-leydon,0.0
joe-matar,0.0
joe-mcgovern,0.0
joe-morgenstern,0.0
joe-oconnell,0.0
joe-otterson,0.0
joe-reid,0.0
joe-weisenthal,0.0
joel-down,0.0
joel-harley,0.0
joel-keller,0.0
joel-mayward,0.0
joelle-monique,0.0
joelle-smith,0.0
joey-keogh,0.0
joey-nolfi,0.0
johanna-schneller,0.0
johanna-thomas-corr,0.0
john-anderson,0.0
john-beifuss,0.0
john-berra,0.0
john-bleasdale,0.0
john-boland,0.0
john-bonazzo,0.0
john-byrne,0.0
john-defore,0.0
john-doyle,0.0
john-elledge,0.0
john-everhart,0.0
john-fink,0.0
john-griffiths,0.0
john-hanlon,0.0
john-hartl,0.0
john-hazelton,0.0
john-higgins,0.0
john-hugar,0.0
john-jurgensen,0.0
john-lui,0.0
john-noonan,0.0
john-nugent,0.0
john-petkovic,0.0
john-powers,0.0
john-robinson,0.0
john-saavedra,0.0
john-semley,0.0
john-serba,0.0
john-tones,0.0
john-townsend,0.0
john-urbancich,0.0
john-wenzel,0.0
john-wirt,0.0
johnny-oleksinski,0.0
joi-childs,0.0
joi-childs-and-caron-lenoir,0.0
jon-campbell,0.0
jon-caramanica,0.0
jon-espino,0.0
jon-frosch,0.0
jon-lyus,0.0
jon-negroni,0.0
jon-niccum,0.0
jon-towlson,0.0
jon-winkler,0.0
jonah-jeng,0.0
jonathan-anderson,0.0
jonathan-barkan,0.0
jonathan-bernstein,0.0
jonathan-dean,0.0
jonathan-edwards,0.0
jonathan-hatfull,0.0
jonathan-holland,0.0
jonathan-kiefer,0.0
jonathan-l-fischer,0.0
jonathan-pile,0.0
jonathan-raban,0.0
jonathan-roberts,0.0
jonathan-romney,0.0
jonathan-rosenbaum,0.0
jonathan-sanchez,0.0
jonathan-stevenson,0.0
jonathan-victory,0.0
jonathan-w-gray,0.0
jonathan-w-hickman,0.0
jonathan-wright,0.0
jonathon-dornbush,0.0
jonita-davis,0.0
jordan-alsaqa,0.0
jordan-cronk,0.0
jordan-crucchiola,0.0
jordan-farley,0.0
jordan-hoffman,0.0
jordan-mintzer,0.0
jordan-raup,0.0
jordan-ruimy,0.0
jordi-batlle-caminal,0.0
jordi-costa,0.0
jorge-ayala-blanco,0.0
jorge-ivan-morales,0.0
jorge-negrete,0.0
jorge-rivera-rubio,0.0
jose-c-donayre-guerrero,0.0
jose-cordova,0.0
jose-felipe-coria,0.0
jose-luis-forte,0.0
jose-martin,0.0
jose-solis-mayen,0.0
jose-teodoro,0.0
josef-braun,0.0
josefina-sartora,0.0
joseph-aberl,0.0
joseph-falcone,0.0
joseph-gamp,0.0
joseph-hernandez,0.0
joseph-kyle,0.0
joseph-longo,0.0
joseph-walsh-14333,0.0
josephine-livingstone,0.0
josh-bell,0.0
josh-cabrita,0.0
josh-hamm,0.0
josh-howey,0.0
josh-jackson,0.0
josh-kupecki,0.0
josh-kurp,0.0
josh-larsen,0.0
josh-lasser,0.0
josh-modell,0.0
josh-rothman,0.0
josh-slater-williams,0.0
josh-sorokach,0.0
josh-spiegel-16191,0.0
josh-terry,0.0
josh-wigler,0.0
josh-wilding,0.0
josh-winning,0.0
joshua-alston,0.0
joshua-axelrod,0.0
joshua-dudley-19223,0.0
joshua-keating,0.0
joshua-rivera,0.0
joshua-rothkopf,0.0
joshua-speiser,0.0
joshua-starnes,0.0
joshua-yehl,0.0
joule-zelman,0.0
joyce-eng,0.0
joyce-millman,0.0
joyce-slaton,0.0
jr-kinnard,0.0
jr-southall,0.0
juan-carlos-berner,0.0
juan-cruz-bergondi,0.0
juan-jose-beteta,0.0
juan-jose-ontiveros,0.0
juan-pablo-russo,0.0
juan-roures-rego,0.0
juan-tolentino,0.0
juanma-fernandez-paris,0.0
juanma-ruiz,0.0
jude-dry,0.0
judith-warner,0.0
judy-berman,0.0
jules-brenner,0.0
julia-alexander,0.0
julia-black,0.0
julia-cooper,0.0
julia-felsenthal,0.0
julia-raban,0.0
julia-raeside,0.0
julia-selinger,0.0
julia-smith,0.0
julian-chambliss,0.0
julian-roman,0.0
julian-wood,0.0
juliana-rasul,0.0
julie-hinds,0.0
julie-washington,0.0
juliet-kleber,0.0
juliet-litman,0.0
juliette-cottu,0.0
juliette-harrison,0.0
julio-velez,0.0
june-thomas,0.0
justin-burke,0.0
justin-carreiro,0.0
justin-chang,0.0
justin-charity,0.0
justin-craig,0.0
justin-gerber,0.0
justin-kirkland,0.0
justin-lowe,0.0
justin-stewart,0.0
justine-smith,0.0
jyoti-sharma-bawa,0.0
k-austin-collins,0.0
kahron-spearman,0.0
kai-perrignon,0.0
kaila-hale-stern,0.0
kaitlin-reilly,0.0
kaitlin-thomas,0.0
kaitlyn-schiess,0.0
kaitlyn-tiffany,0.0
kaitlyn-tiffany-and-lizzie-p,0.0
kaitlynn-smith,0.0
kaleem-aftab,0.0
kalyn-corrigan,0.0
kam-williams,0.0
kanin-srimaneekulroj,0.0
kaori-shoji,0.0
kara-warner,0.0
karen-dsouza,0.0
karen-gordon,0.0
karen-han,0.0
karen-kemmerle,0.0
karen-krizanovich,0.0
karen-martin,0.0
karl-puschmann,0.0
karl-quinn,0.0
karmen-fox,0.0
karthik-kumar,0.0
kase-wickman,0.0
kass-mitchell,0.0
kassie-king,0.0
kat-kothen-hill,0.0
kat-rosenfield,0.0
katarina-brown,0.0
kate-abbott,0.0
kate-coiro,0.0
kate-erbland,0.0
kate-feldman,0.0
kate-knibbs,0.0
kate-kulzick,0.0
kate-leaver,0.0
kate-lloyd,0.0
kate-mooney,0.0
kate-mossman,0.0
kate-muir,0.0
kate-robertson,0.0
kate-stables,0.0
kate-taylor,0.0
kate-wilson,0.0
katey-rich,0.0
katey-stoetzel,0.0
katharine-trendacosta,0.0
katherine-mclaughlin,0.0
katherine-monk,0.0
katherine-murray,0.0
katherine-siegel,0.0
katherine-waters,0.0
kathleen-craughwell,0.0
kathleen-rizzo-young,0.0
kathleen-smith,0.0
kathleen-wiedel,0.0
kathryn-laskaris,0.0
kathryn-lindsay,0.0
kathryn-vanarendonk,0.0
kathy-fennessy,0.0
katie-heaney,0.0
katie-herzog,0.0
katie-rife,0.0
katie-walsh,0.0
katy-hayes,0.0
katy-waldman,0.0
kayla-cobb,0.0
kayla-kumari-upadhyaya,0.0
kayla-marie,0.0
kayti-burt,0.0
keeva-stratton,0.0
keisha-hatchett,0.0
keith-phipps,0.0
keith-uhlich,0.0
keith-watson,0.0
keith-watson-18542,0.0
kelley-dong,0.0
kelli-bamforth,0.0
kelli-weston,0.0
kelly-connolly,0.0
kelly-kanayama,0.0
kelly-lawler,0.0
kelly-mcclure,0.0
kelly-vance,0.0
kelsey-j-waite,0.0
kelsey-mckinney,0.0
ken-eisner,0.0
ken-jaworowski,0.0
ken-mcintyre,0.0
ken-tucker,0.0
kendall-williams,0.0
kendra-james,0.0
kenji-fujishima,0.0
kenneth-r-morefield,0.0
kenneth-turan,0.0
kenny-hanlon,0.0
kenny-herzog,0.0
kent-jones,0.0
kent-turner,0.0
keri-lumm,0.0
kerry-lengel,0.0
keva-york,0.0
kevin-a-ranson,0.0
kevin-carr,0.0
kevin-crust,0.0
kevin-fallon,0.0
kevin-fitzpatrick,0.0
kevin-harley,0.0
kevin-jagernauth,0.0
kevin-johnson,0.0
kevin-lally,0.0
kevin-lincoln,0.0
kevin-maher,0.0
kevin-mccarthy,0.0
kevin-mclenithan,0.0
kevin-n-laforest,0.0
kevin-p-sullivan,0.0
kevin-ritchie,0.0
kevin-yeoman,0.0
kia-makarechi,0.0
kieran-fisher,0.0
kieron-moore,0.0
kiko-martinez,0.0
kim-hughes,0.0
kim-newman,0.0
kim-russell,0.0
kimber-myers,0.0
kimberley-jones,0.0
kimberly-gadette,0.0
kimberly-potts,0.0
kimberly-roots,0.0
kirk-baird,0.0
kirk-honeycutt,0.0
kit-bowen,0.0
kiva-reardon,0.0
kolleen-carney,0.0
kong-rithdee,0.0
koraly-dimitriadis,0.0
kory-grow,0.0
kristen-baldwin,0.0
kristen-blush,0.0
kristen-lopez,0.0
kristen-oneal,0.0
kristen-page-kirby,0.0
kristen-yoonsoo-kim,0.0
kristi-shinfuku,0.0
kristi-turnquist,0.0
kristian-harloff,0.0
kristian-m-lin,0.0
kristin-finan,0.0
kristin-m-jones,0.0
kristy-puchko,0.0
kristy-strouse,0.0
krutika-malikarjuna,0.0
kumar-shyam,0.0
kurt-jacobsen,0.0
kurt-loder,0.0
kwame-opam,0.0
kyla-marshell,0.0
kyle-aaronson,0.0
kyle-anderson-17618,0.0
kyle-fowle,0.0
kyle-kohner,0.0
kyle-mullin,0.0
kyle-pletcher,0.0
kyle-smith,0.0
kyle-turner,0.0
kylie-klein-nixon,0.0
kylie-maslen,0.0
kyndal-wilson,0.0
lacey-vorrasi-banis,0.0
lacy-baugher,0.0
lamar-dawson,0.0
lamorna-ash,0.0
landon-palmer,0.0
lanre-bakare,0.0
lara-williams-20163,0.0
lara-zarum,0.0
larushka-ivan-zadeh,0.0
lasyapriya-sundaram,0.0
latoya-ferguson,0.0
laura-beck,0.0
laura-birnbaum,0.0
laura-bogart,0.0
laura-bradley,0.0
laura-clifford,0.0
laura-delaney,0.0
laura-demarco,0.0
laura-emerick,0.0
laura-hiros,0.0
laura-hudson,0.0
laura-hurley,0.0
laura-kenna,0.0
laura-kern,0.0
laura-miller,0.0
laura-molzahn,0.0
laura-prudom,0.0
laura-snapes,0.0
lauren-burgess,0.0
lauren-carroll-harris,0.0
lauren-hoffman,0.0
lauren-humphries-brooks,0.0
lauren-jernigan,0.0
lauren-le-vine,0.0
lauren-ocallaghan,0.0
lauren-piester,0.0
lauren-terry,0.0
lauren-williams,0.0
laurence-boyce,0.0
lawrence-garcia,0.0
lea-palmieri,0.0
leaf-miranda,0.0
leah-garchik,0.0
leah-greenblatt,0.0
leah-harper,0.0
leah-pickett,0.0
leah-st-lawrence,0.0
leanne-aguilera,0.0
lee-ashworth,0.0
lee-jutton,0.0
lee-marshall,0.0
leigh-ann-jackson,0.0
leigh-monson,0.0
leigh-paatsch,0.0
leilani-polk,0.0
lena-wilson,0.0
lenika-cruz,0.0
leo-goldsmith,0.0
leon-hurley,0.0
leonard-maltin,0.0
leonardo-faierman,0.0
leonardo-garcia-tsao,0.0
leonardo-goi,0.0
leor-galil,0.0
les-chappell,0.0
leslie-felperin,0.0
leslie-katz,0.0
lewis-knight,0.0
liam-dunn,0.0
liam-fay,0.0
liam-hanlon,0.0
liam-lacey,0.0
liam-macleod,0.0
liam-maguren,0.0
liam-mathews,0.0
liam-nicholls,0.0
libby-purves,0.0
lila-shapiro,0.0
lili-loofbourow,0.0
lilly-dancyger,0.0
lily-moayeri,0.0
lincee-ray,0.0
linda-barnard,0.0
linda-cook,0.0
linda-holmes,0.0
linda-marric,0.0
lindsay-arakawa,0.0
lindsay-macdonald,0.0
lindsay-zoladz,0.0
lindsey-b-anderson,0.0
lindsey-bahr,0.0
lindsey-mcghee,0.0
lindsey-romain,0.0
lisa-babick,0.0
lisa-cam,0.0
lisa-giles-keddie,0.0
lisa-jensen,0.0
lisa-jo-sagolla,0.0
lisa-kennedy,0.0
lisa-lagace,0.0
lisa-mullen,0.0
lisa-nesselson,0.0
lisa-rosman,0.0
lisa-schwarzbaum,0.0
lisa-tsering,0.0
lisa-weidenfeld,0.0
liz-baessler,0.0
liz-beardsworth,0.0
liz-braun,0.0
liz-medendorp,0.0
liz-raftery,0.0
liz-shannon-miller,0.0
lizzie-plaugic,0.0
lizzy-buczak,0.0
lochley-shaddock,0.0
loey-lockerby,0.0
lola-landekic,0.0
lora-grady,0.0
loren-a-lynch,0.0
loren-king,0.0
loretta-goff,0.0
lori-berger,0.0
lorraine-ali,0.0
louis-proyect,0.0
louis-virtel,0.0
louis-wise,0.0
louisa-mellor,0.0
louise-busfield,0.0
louise-keller,0.0
lovia-gyarkye,0.0
lucas-wong,0.0
lucero-calderon,0.0
lucero-solorzano,0.0
lucia-ros-serra,0.0
lucy-hunter-johnson,0.0
lucy-jones,0.0
lucy-lau,0.0
lucy-mangan,0.0
lucy-obrien,0.0
lucy-popescu,0.0
lucy-randall,0.0
lucy-scholes,0.0
ludovic-hunter-tilney,0.0
luis-caviaro,0.0
luis-enrique-forero-varela,0.0
luis-fernando-galvan,0.0
luis-gamboa,0.0
luis-martinez-18379,0.0
luis-resendiz,0.0
lukasz-muniowski,0.0
luke-baynes,0.0
luke-buckmaster,0.0
luke-channell,0.0
luke-goodsell,0.0
luke-hearfield,0.0
luke-hicks,0.0
luke-holland,0.0
luke-ottenhof,0.0
luke-parker,0.0
luke-spafford,0.0
luke-t-harrington,0.0
luke-y-thompson,0.0
lynden-barber,0.0
lynette-rice,0.0
lynn-elber,0.0
lynnette-porter,0.0
m-faust,0.0
m-suganth,0.0
mabel-salinas,0.0
mack-rawden,0.0
madeleine-ryan,0.0
madeline-raynor,0.0
madhureeta-mukherjee,0.0
mae-abdulbaki,0.0
maggie-fremont,0.0
maggie-lee,0.0
mahmoud-mahdy,0.0
maia-silber,0.0
maitland-mcdonagh,0.0
mal-vincent,0.0
malcolm-venable,0.0
malik-adan,0.0
mallory-andrews,0.0
mallory-ortberg,0.0
mandy-treccia,0.0
manjusha-radhakrishnan,0.0
manohla-dargis,0.0
manon-de-reeper,0.0
manu-arguelles,0.0
manu-yanez,0.0
manuel-betancourt,0.0
manuel-pinon,0.0
manuela-lazic,0.0
mara-reinstein,0.0
marc-bernardin,0.0
marc-buxton,0.0
marc-ciafardini,0.0
marc-mohan,0.0
marc-savlov,0.0
marc-silver,0.0
marc-snetiker,0.0
marc-walkow,0.0
marcelo-stiletano,0.0
marco-cubillo,0.0
marcos-cabrera,0.0
marcos-gandia,0.0
maren-longbella,0.0
margaret-barton-fumo,0.0
margaret-lyons,0.0
margot-harrison,0.0
maria-fernanda-mugica,0.0
maria-garcia,0.0
maria-m-delgado,0.0
maria-sciullo,0.0
maria-vultaggio,0.0
mariana-fernandez,0.0
maricar-estrella,0.0
marie-asner,0.0
marija-djurovic,0.0
marilyn-ferdinand,0.0
mario-alegre,0.0
mario-p-szekely,0.0
marisa-mirabal,0.0
marissa-martinelli,0.0
marjorie-baumgarten,0.0
mark-a-perigard,0.0
mark-adams,0.0
mark-allison,0.0
mark-asch,0.0
mark-braxton,0.0
mark-butler,0.0
mark-daniell,0.0
mark-dawidziak,0.0
mark-demetrius,0.0
mark-dolan,0.0
mark-dujsik,0.0
mark-ellis,0.0
mark-feeney,0.0
mark-hughes,0.0
mark-jackson,0.0
mark-jenkins,0.0
mark-keizer,0.0
mark-kennedy,0.0
mark-kermode,0.0
mark-lawson,0.0
mark-matousek,0.0
mark-medley,0.0
mark-monahan,0.0
mark-newbold,0.0
mark-olsen,0.0
mark-peranson,0.0
mark-r-leeper,0.0
mark-rabinowitz,0.0
mark-sanderson,0.0
mark-schilling,0.0
mark-sommer,0.0
mark-trammell,0.0
mark-w-pleiss,0.0
markie-robson-scott,0.0
marlow-stern,0.0
marsha-lederman,0.0
marten-carlson,0.0
martha-k-baker,0.0
martin-dunphy,0.0
martin-hoyle,0.0
martin-hughes-games,0.0
martin-knelman,0.0
martin-roberts,0.0
martin-tsai,0.0
martin-unsworth,0.0
marty-brown,0.0
marty-mapes,0.0
marty-sliva,0.0
martyn-conterio,0.0
marwa-hamad,0.0
mary-angela-rowe,0.0
mary-mcnamara,0.0
mary-oconnor,0.0
mary-wang,0.0
maryann-johanson,0.0
maryann-sleasman,0.0
marykate-jasper,0.0
marylynne-pitz,0.0
masego-panyane,0.0
mathew-dekinder,0.0
matilda-dixon-smith,0.0
matt-baylis,0.0
matt-brennan,0.0
matt-brunson,0.0
matt-cohen-18843,0.0
matt-conner,0.0
matt-corwine,0.0
matt-donato,0.0
matt-donnelly,0.0
matt-elliott,0.0
matt-fagerholm,0.0
matt-fowler,0.0
matt-gerardi,0.0
matt-glasby,0.0
matt-goldberg,0.0
matt-hanson,0.0
matt-hoffman,0.0
matt-joseph,0.0
matt-juul,0.0
matt-keil,0.0
matt-looker,0.0
matt-maytum,0.0
matt-mcconkey,0.0
matt-melis,0.0
matt-neal,0.0
matt-pais,0.0
matt-patches,0.0
matt-prigge,0.0
matt-roden,0.0
matt-roush,0.0
matt-schley,0.0
matt-shiverdecker,0.0
matt-singer,0.0
matt-turner,0.0
matt-webb-mitovich,0.0
matt-wilstein,0.0
matt-wolf,0.0
matt-zoller-seitz,0.0
matthew-anderson,0.0
matthew-anderson-18253,0.0
matthew-bond,0.0
matthew-byrd,0.0
matthew-eng,0.0
matthew-gilbert,0.0
matthew-goudreau,0.0
matthew-leyland,0.0
matthew-lickona,0.0
matthew-monagle,0.0
matthew-norman,0.0
matthew-odam,0.0
matthew-passantino,0.0
matthew-pejkovic,0.0
matthew-razak,0.0
matthew-roe,0.0
matthew-rozsa,0.0
matthew-st-clair,0.0
matthew-taylor,0.0
matthew-thrift,0.0
matthew-toomey,0.0
matthew-turner,0.0
maura-johnston,0.0
maura-judkis,0.0
maureen-lee-lenker,0.0
maureen-ryan,0.0
mauricio-gonzalez-lara,0.0
mauricio-munoz,0.0
mauricio-nava,0.0
max-cea,0.0
max-covill,0.0
max-nelson,0.0
max-weiss,0.0
maximilian-von-thun,0.0
mayer-nissim,0.0
meagan-fredette,0.0
meagan-navarro,0.0
meena-iyer,0.0
meg-fair,0.0
meg-shields,0.0
meg-watson,0.0
megan-basham,0.0
megan-burbank,0.0
megan-davies,0.0
megan-farokhmanesh,0.0
megan-garber,0.0
megan-king,0.0
megan-mccluskey,0.0
megan-moffat,0.0
megan-nash,0.0
megan-nolan,0.0
megan-pugh,0.0
megan-vick,0.0
meghan-de-maria,0.0
meghan-gilligan,0.0
meghan-okeefe,0.0
mehboob-bawa,0.0
meher-manda,0.0
mekeisha-madden-toby,0.0
mel-campbell,0.0
mel-evans,0.0
mel-perez,0.0
melanie-blake,0.0
melanie-mcfarland,0.0
melanis-tai,0.0
melinda-houston,0.0
melissa-anderson,0.0
melissa-camacho,0.0
melissa-leon,0.0
melissa-linares,0.0
melissa-marshall,0.0
meredith-blake,0.0
meredith-borders,0.0
meredith-goldstein,0.0
meredith-woerner,0.0
meredyth-cole,0.0
merrill-barr,0.0
micah-peters,0.0
micha-boyett,0.0
michael-a-smith,0.0
michael-agresta,0.0
michael-ahr,0.0
michael-andor-brodeur,0.0
michael-arbeiter,0.0
michael-atkinson,0.0
michael-ausiello,0.0
michael-beebe,0.0
michael-bonner,0.0
michael-brooke,0.0
michael-burgin,0.0
michael-coldwell,0.0
michael-d-reid,0.0
michael-dequina,0.0
michael-fairbanks,0.0
michael-gingold,0.0
michael-haigis,0.0
michael-haskoor,0.0
michael-heaton,0.0
michael-hogan,0.0
michael-idato,0.0
michael-jaconelli,0.0
michael-joshua-rowin,0.0
michael-king,0.0
michael-koresky,0.0
michael-leader,0.0
michael-lee-18858,0.0
michael-malice,0.0
michael-miner,0.0
michael-moore,0.0
michael-noble,0.0
michael-nordine,0.0
michael-ordona,0.0
michael-osullivan,0.0
michael-osullivan-18857,0.0
michael-pattison,0.0
michael-pementel,0.0
michael-phillips-11845,0.0
michael-rechtshaffen,0.0
michael-rice,0.0
michael-roffman,0.0
michael-sangiacomo,0.0
michael-sauter,0.0
michael-schneider,0.0
michael-sicinski,0.0
michael-smith,0.0
michael-snydel,0.0
michael-sragow,0.0
michael-starr,0.0
michael-upchurch,0.0
michael-wade-simpson,0.0
michael-walsh,0.0
michaela-bechler,0.0
michele-manelis,0.0
michelle-alexandria,0.0
michelle-da-silva,0.0
michelle-devereaux,0.0
michelle-garrett-bulsiewicz,0.0
michelle-jaworski,0.0
michelle-orange,0.0
michelle-ruiz,0.0
michelle-sabato,0.0
mick-joest,0.0
mick-lasalle,0.0
miguel-munoz-garnica,0.0
miguel-ravelo,0.0
mikael-wood,0.0
mike-cecchini,0.0
mike-dangelo,0.0
mike-hale,0.0
mike-laws,0.0
mike-mazzanti,0.0
mike-mccahill,0.0
mike-mcgranaghan,0.0
mike-reyes,0.0
mike-ryan-16092,0.0
mike-scott,0.0
mike-usinger,0.0
mikel-zorrilla,0.0
miles-marshall-lewis,0.0
miles-surrey,0.0
minda-honey,0.0
miranda-sanchez,0.0
miriam-bale,0.0
miriam-di-nunzio,0.0
mitchel-broussard,0.0
mitchell-millar,0.0
moira-donegan,0.0
moira-macdonald,0.0
moises-chiullan,0.0
molly-booth,0.0
molly-eichel,0.0
molly-fitzpatrick,0.0
molly-freeman,0.0
molly-haskell,0.0
molly-horan,0.0
molly-laich,0.0
molly-rose-pike,0.0
monica-castillo,0.0
monique-jones,0.0
montse-reyes,0.0
morgan-jeffery,0.0
murphy-kenefick,0.0
murray-whyte,0.0
musanna-ahmed,0.0
myles-mcnutt,0.0
n-a-cordova,0.0
nadine-matthews,0.0
nagarjuna-rao,0.0
naman-ramachandran,0.0
namon-eugene,0.0
namwali-serpell,0.0
nancy-kerr,0.0
nandini-ramnath,0.0
nando-salva,0.0
naomi-chainey,0.0
naomi-shea,0.0
naomi-wong,0.0
natalia-manzocco,0.0
natalia-trzenko,0.0
natalia-winkelman,0.0
natalie-gontcharova,0.0
natalie-mokry,0.0
natalie-xenos,0.0
natalie-zutter,0.0
natascha-crandall,0.0
natasha-skoryk,0.0
nate-chinen,0.0
nate-fisher,0.0
nate-waggoner,0.0
nathalie-atkinson,0.0
nathan-carson,0.0
nathan-frontiero,0.0
nathan-lee,0.0
nathan-mcvay,0.0
nathan-osborne,0.0
nathan-paige,0.0
nathanael-cooper,0.0
nathanael-hood,0.0
nathaniel-rogers,0.0
naveen-kumar,0.0
nayanika-kapoor,0.0
nazareno-brega,0.0
neal-justin,0.0
ned-lannamann,0.0
neela-debnath,0.0
neely-swanson,0.0
neeshita-nyayapati,0.0
neil-genzlinger,0.0
neil-miller,0.0
neil-pond,0.0
neil-smith,0.0
neil-soans,0.0
neil-young,0.0
nell-minow,0.0
nestor-burtone,0.0
nev-pierce,0.0
nguyen-le,0.0
niall-mcardle,0.0
nicholas-barber,0.0
nick-allen,0.0
nick-bhasin,0.0
nick-davis,0.0
nick-de-semlyen,0.0
nick-dent,0.0
nick-harley,0.0
nick-hasted,0.0
nick-james,0.0
nick-newman,0.0
nick-pinkerton,0.0
nick-reilly,0.0
nick-rocco-scalia,0.0
nick-roddick,0.0
nick-rogers,0.0
nick-romano,0.0
nick-schager,0.0
nick-statt,0.0
nick-vadala,0.0
nick-venable,0.0
nick-wanserski,0.0
nico-lang,0.0
nicolas-rapold,0.0
nicolas-ruiz,0.0
nicole-cliffe,0.0
nicole-herrington,0.0
nicole-sperling,0.0
nicole-villalpando,0.0
nicolette-lennox,0.0
nigel-andrews,0.0
nigel-m-smith,0.0
nigel-watson,0.0
nihit-bhave,0.0
nijla-mumin-19766,0.0
nikki-baughan,0.0
nikola-grozdanovic,0.0
nina-metz,0.0
nina-shen-rastogi,0.0
nivea-serrao,0.0
noah-berlatsky,0.0
noah-dominguez,0.0
noah-gittell,0.0
noam-cohen,0.0
noel-kirkpatrick,0.0
noel-murray,0.0
noemi-berkowitz,0.0
nora-lee-mandel,0.0
norm-gidney,0.0
norm-schrager,0.0
norman-wilner,0.0
odie-henderson,0.0
oktay-ege-kozak,0.0
oleg-ivanov,0.0
olive-pometsey,0.0
oliver-jones,0.0
oliver-lyttelton,0.0
oliver-pfeiffer,0.0
oliver-sava,0.0
olly-richards,0.0
orla-smith,0.0
orlando-maldonado,0.0
oscar-uriel,0.0
oswaldo-betancourt-lozano,0.0
owen-gleiberman,0.0
owen-richards,0.0
pablo-a-scholz,0.0
pablo-villaca-5765,0.0
paddy-kehoe,0.0
pamela-hutchinson,0.0
pamela-jahn,0.0
pamela-pianezza,0.0
pat-jackson,0.0
pat-king,0.0
pat-padua-17819,0.0
pat-stacey,0.0
patricia-garcia,0.0
patricio-feminis,0.0
patrick-cooley,0.0
patrick-freyne,0.0
patrick-gamble,0.0
patrick-gomez,0.0
patrick-kolan,0.0
patrick-mulkern,0.0
patrick-smith,0.0
patrik-sandberg,0.0
patti-greco,0.0
pattie-pegler,0.0
paul-byrnes,0.0
paul-casserly,0.0
paul-chambers,0.0
paul-dailly,0.0
paul-eksteen,0.0
paul-ennis,0.0
paul-farren,0.0
paul-jones,0.0
paul-m-bradshaw,0.0
paul-macinnes,0.0
paul-mount,0.0
paul-ocallaghan-19201,0.0
paul-parcellin,0.0
paul-risker,0.0
paul-verhoeven-13960,0.0
paul-vigna,0.0
paul-whitington-15988,0.0
paula-arantzazu-ruiz,0.0
paula-farmer,0.0
paula-mejia,0.0
paula-vazquez-prieto,0.0
pauline-adamek,0.0
pauline-bock,0.0
pedro-jose-tena,0.0
peg-aloi,0.0
peggy-truong,0.0
perri-nemiroff,0.0
pete-hammond,0.0
pete-vonder-haar,0.0
peter-bradshaw,0.0
peter-calder,0.0
peter-canavese,0.0
peter-crawley,0.0
peter-debruge,0.0
peter-galvin,0.0
peter-goldberg,0.0
peter-hall,0.0
peter-hartlaub,0.0
peter-howell,0.0
peter-keough,0.0
peter-lawrence-kane,0.0
peter-rainer,0.0
peter-sobczynski,0.0
peter-travers,0.0
peter-turner,0.0
petra-halbur,0.0
phil-brown,0.0
phil-coldiron,0.0
phil-hall,0.0
phil-harrison,0.0
phil-hoad,0.0
phil-hornshaw,0.0
phil-kennedy,0.0
phil-nobile-jr,0.0
phil-owen,0.0
phil-villarreal,0.0
philip-concannon,0.0
philip-cosores,0.0
philip-de-semlyen,0.0
philip-kemp,0.0
philip-martin,0.0
phillip-carter,0.0
phoebe-chen,0.0
phoebe-reilly,0.0
pierre-kapitaniak,0.0
piers-marchant,0.0
pilar-ayuso,0.0
pilot-viruet,0.0
poppy-jay-palmer,0.0
prairie-miller,0.0
prerna-madan,0.0
price-peterson,0.0
princess-weekes,0.0
priscilla-page,0.0
priyanka-sundar,0.0
quim-casas,0.0
r-mitchell-miller,0.0
rachael-sampson,0.0
rachael-vaughan-clemmons,0.0
rachel-aroesti,0.0
rachel-babbage,0.0
rachel-bowles,0.0
rachel-brittain,0.0
rachel-chan,0.0
rachel-cooke,0.0
rachel-ellenbogen,0.0
rachel-heine,0.0
rachel-marie-stone,0.0
rachel-ray,0.0
rachel-saltz,0.0
rachel-selvin,0.0
rachel-syme,0.0
rachel-ward,0.0
rachit-gupta,0.0
rachna-raj-kaur,0.0
radheyan-simonpillai,0.0
rae-nudson,0.0
rafael-paz,0.0
rafael-rosales-santos,0.0
rafer-guzman,0.0
rain-jokinen,0.0
raju-mudhar,0.0
randall-colburn,0.0
randall-king,0.0
randy-cordova,0.0
randy-myers,0.0
randy-schiff,0.0
randy-shulman,0.0
raphael-abraham,0.0
rasha-ali,0.0
rashid-irani,0.0
ray-greene,0.0
ray-pride,0.0
ray-rahman,0.0
rebecca-addison,0.0
rebecca-berfanger,0.0
rebecca-eisen,0.0
rebecca-farley,0.0
rebecca-hawkes,0.0
rebecca-iannucci,0.0
rebecca-lewis,0.0
rebecca-liu,0.0
rebecca-mead,0.0
rebecca-murray,0.0
rebecca-nicholson,0.0
rebecca-pahle,0.0
rebecca-tucker,0.0
reed-tucker,0.0
ren-jender,0.0
renata-polt,0.0
rene-rodriguez,0.0
renee-schonfeld,0.0
renuka-vyavahare,0.0
reuben-roper,0.0
rex-reed,0.0
rex-roberts,0.0
reza-noorani,0.0
rich-cline,0.0
rich-cross,0.0
rich-heldenfels,0.0
rich-phippen,0.0
rich-smith,0.0
richard-brody,0.0
richard-dove,0.0
richard-godwin,0.0
richard-hayward,0.0
richard-james-havis,0.0
richard-kuipers,0.0
richard-larson,0.0
richard-lawson,0.0
richard-porton,0.0
richard-roeper,0.0
richard-rys,0.0
richard-von-busack,0.0
richard-whittaker,0.0
rick-bentley,0.0
rick-kisonak,0.0
rob-bricken,0.0
rob-carnevale,0.0
rob-daniel,0.0
rob-dean,0.0
rob-gonsalves,0.0
rob-harvilla,0.0
rob-hunter,0.0
rob-lowman,0.0
rob-owen,0.0
rob-sheffield,0.0
rob-smedley,0.0
rob-staeger,0.0
rob-thomas,0.0
rob-vaux,0.0
robbie-ann-mcpherson,0.0
robbie-collin,0.0
robert-abele,0.0
robert-bianco,0.0
robert-denerstein,0.0
robert-evers,0.0
robert-fulford,0.0
robert-ham,0.0
robert-horton,0.0
robert-koehler,0.0
robert-kojder,0.0
robert-levin,0.0
robert-lloyd,0.0
robert-martin,0.0
robert-rorke,0.0
robert-roten,0.0
robert-w-butler,0.0
robert-yaniz-jr,0.0
robin-clifford,0.0
robin-wright,0.0
robinson-meyer,0.0
rochelle-siemienowicz,0.0
rodney-ho,0.0
rodrigo-perez,0.0
roe-mcdermott,0.0
roger-catlin,0.0
roger-clarke,0.0
roger-moore,0.0
roger-tennis,0.0
rohan-naahar,0.0
rohit-vats,0.0
rolando-gallego,0.0
ron-gilmer,0.0
ron-hogan-18620,0.0
ron-rosenbaum,0.0
ron-wilkinson,0.0
ronan-daly,0.0
ronnie-scheib,0.0
rory-oconnor,0.0
rose-maura-lorre,0.0
rosemary-rossi,0.0
rosie-fletcher,0.0
rosie-knight,0.0
ross-bonaime,0.0
ross-mcindoe,0.0
ross-miller,0.0
ross-raihala,0.0
ross-ruediger,0.0
roxana-hadadi,0.0
roxanne-sancto,0.0
ruben-peralta-rigaud,0.0
ruben-romero-santos,0.0
rubin-safaya,0.0
rueben,0.0
rupert-hawksley,0.0
russ-fischer,0.0
russ-frushtick,0.0
russell-baillie,0.0
russell-brandom,0.0
ruth-brown,0.0
ruth-kinane,0.0
ruth-mcnally,0.0
ryan-ec-hamm,0.0
ryan-gilbey,0.0
ryan-harkness,0.0
ryan-morris,0.0
ryan-oliver,0.0
ryan-pollard,0.0
ryan-porter,0.0
ryan-schwartz,0.0
ryan-stewart,0.0
ryan-swen,0.0
ryu-spaeth-18689,0.0
s-james-wegg,0.0
s-jhoanna-robledo,0.0
sadaf-ahsan,0.0
sadhbh-ni-bhroin,0.0
sadie-gennis,0.0
saeed-saeed,0.0
sally-newall,0.0
sam-adams,0.0
sam-ashurst,0.0
sam-bathe,0.0
sam-byford,0.0
sam-c-mac,0.0
sam-fragoso,0.0
sam-loveridge,0.0
sam-thielman,0.0
sam-watermeier,0.0
sam-weisberg,0.0
sam-wollaston,0.0
samantha-celentano,0.0
samantha-highfill,0.0
samantha-ladwig,0.0
samantha-mcallister,0.0
samantha-nelson,0.0
samfrey-tan,0.0
samit-sarkar,0.0
samuel-spencer,0.0
sandie-angulo-chen,0.0
sandra-hall,0.0
sandy-cohen,0.0
sandy-schaefer,0.0
sanjay-shankar,0.0
santiago-bardotti,0.0
sara-m-moniuszko,0.0
sara-michelle-fetters-8689,0.0
sara-netzley,0.0
sara-stewart,0.0
sarah-arthur,0.0
sarah-aziza,0.0
sarah-bichsel,0.0
sarah-boslaugh,0.0
sarah-cullen,0.0
sarah-deen,0.0
sarah-dobbs,0.0
sarah-doran,0.0
sarah-gosling,0.0
sarah-griffin,0.0
sarah-hughes,0.0
sarah-jasmine-montgomery,0.0
sarah-jones,0.0
sarah-kent,0.0
sarah-kurchak,0.0
sarah-larson,0.0
sarah-marrs,0.0
sarah-marshall,0.0
sarah-mcintyre,0.0
sarah-moran,0.0
sarah-sahagian,0.0
sarah-ward,0.0
sarah-watt,0.0
sasha-stone,0.0
saskia-baron,0.0
savannah-brock,0.0
scott-a-mantz,0.0
scott-beggs,0.0
scott-chitwood,0.0
scott-clark,0.0
scott-collura,0.0
scott-d-pierce,0.0
scott-davis,0.0
scott-foundas,0.0
scott-henderson,0.0
scott-marks,0.0
scott-mendelson,0.0
scott-menzel,0.0
scott-meslow,0.0
scott-nash,0.0
scott-tobias,0.0
scott-varnham,0.0
scott-von-doviak,0.0
scott-wampler,0.0
scott-weinberg,0.0
scott-wold,0.0
scout-davidson,0.0
scout-tafoya,0.0
sd-kelly,0.0
sean-axmaker,0.0
sean-burns,0.0
sean-fennessey,0.0
sean-gilman,0.0
sean-k-cureton,0.0
sean-l-malin,0.0
sean-l-mccarthy,0.0
sean-mckenna,0.0
sean-nelson,0.0
sean-oconnell,0.0
sean-ogrady,0.0
sean-oneal,0.0
sean-orourke-20470,0.0
sean-p-means,0.0
sean-t-collins,0.0
sebastian-zavala-kahn,0.0
serena-donadoni,0.0
sergio-benitez,0.0
sergio-f-pinilla,0.0
sergio-huidobro,0.0
sergio-lopez-aguirre,0.0
sesali-bowen,0.0
seth-simons,0.0
shamus-kelly,0.0
shane-ryan,0.0
shane-slater,0.0
shannon-gormley,0.0
shannon-liao,0.0
shannon-m-houston,0.0
sharon-eberson,0.0
sharona-lin,0.0
shauna-fox,0.0
shauna-gold,0.0
shaunna-murphy,0.0
shawn-depasquale,0.0
shawn-glinis,0.0
shawn-hazelett,0.0
shea-serrano,0.0
sheila-omalley,0.0
shekhar-h-hooli,0.0
shelagh-rowan-legg,0.0
sheri-linden,0.0
sherilyn-connelly,0.0
shilpa-jamkhandikar,0.0
shinan-govani,0.0
shingai-darangwa,0.0
shirley-li,0.0
shirley-sealy,0.0
shubha-shetty-saha,0.0
shyama-krishna-kumar,0.0
siddhant-adlakha,0.0
siena-yates,0.0
sierra-bilton,0.0
simi-horwitz,0.0
simon-abrams,0.0
simon-braund,0.0
simon-brew-19399,0.0
simon-crook,0.0
simon-foster,0.0
simon-gallagher,0.0
simon-houpt,0.0
simon-kinnear,0.0
simon-miraudo,0.0
simon-reynolds,0.0
simon-thompson,0.0
simran-hans,0.0
sinead-brennan,0.0
sofia-ochoa-rodriguez,0.0
sofie-steenhaut,0.0
sol-harris,0.0
sonia-saraiya,0.0
sonny-bunch,0.0
sopan-deb,0.0
sophia-cowley,0.0
sophia-nguyen,0.0
sophia-watson,0.0
sophie-brown,0.0
sophie-gilbert,0.0
sophie-mayer,0.0
sophie-monks-kaufman,0.0
sophie-wyatt,0.0
soraya-roberts,0.0
soren-anderson,0.0
soumya-rao,0.0
soumya-srivastava,0.0
spencer-coile,0.0
spencer-kornhaber,0.0
spike-friedman,0.0
sr-rose-pacatte,0.0
sridhar-adivi,0.0
stacey-ritzen,0.0
staci-layne-wilson,0.0
stacy-glanzman,0.0
stefan-kyriazis,0.0
stefan-pape,0.0
stella-papamichael,0.0
steph-cozza,0.0
stephan-boissonneault,0.0
stephanie-archer,0.0
stephanie-francis,0.0
stephanie-hayes,0.0
stephanie-merry,0.0
stephanie-zacharek,0.0
stephen-carty,0.0
stephen-dalton,0.0
stephen-danay,0.0
stephen-farber,0.0
stephen-harber,0.0
stephen-holden,0.0
stephen-kelly,0.0
stephen-l-carter,0.0
stephen-mayne,0.0
stephen-porzio,0.0
stephen-puddicombe,0.0
stephen-rebello,0.0
stephen-romei,0.0
stephen-schaefer,0.0
stephen-silver,0.0
stephen-whitty,0.0
stereo-williams,0.0
steve-biodrowski,0.0
steve-crum,0.0
steve-davis,0.0
steve-erickson,0.0
steve-ford,0.0
steve-greene,0.0
steve-heisler,0.0
steve-johnson,0.0
steve-kilgallon,0.0
steve-macfarlane-14614,0.0
steve-murray,0.0
steve-newall,0.0
steve-newton,0.0
steve-obrien,0.0
steve-persall,0.0
steve-pond,0.0
steve-rose,0.0
steve-uncle-creepy-barton,0.0
steve-wright,0.0
steven-cooper,0.0
steven-d-greydanus,0.0
steven-hsieh,0.0
steven-hyden,0.0
steven-mears,0.0
steven-neish-14518,0.0
steven-rea,0.0
steven-zultanski,0.0
stuart-heritage,0.0
stuart-jeffries,0.0
stuart-klawans,0.0
stuart-mcgurk,0.0
suchin-mehrotra,0.0
sujit-chandrakumar,0.0
sukhdev-sandhu,0.0
sunayana-suresh,0.0
susan-arendt,0.0
susan-g-cole,0.0
susan-granger,0.0
susan-kemp,0.0
susan-wloszczyna,0.0
susana-polo,0.0
suzanne-keane,0.0
suzette-smith,0.0
suzi-feay,0.0
sweta-kaushal,0.0
sydney-brownstone,0.0
sydney-bucksbaum,0.0
tal-rosenberg,0.0
talia-soghomonian,0.0
tambay-obenson,0.0
tamsin-shaw,0.0
tanner-tafelski,0.0
tansy-gardam,0.0
tara-brady,0.0
tara-martinez,0.0
tara-thorne,0.0
tara-watson,0.0
tasha-robinson,0.0
tatiana-craine,0.0
taylor-antrim,0.0
taylor-peters,0.0
tcha-dunlevy,0.0
teddy-durgin,0.0
teo-bugbee,0.0
teresa-jusino,0.0
terri-schwartz,0.0
terri-white,0.0
terry-staunton,0.0
tess-cagle,0.0
thad-ogburn,0.0
thaddeus-mccollum,0.0
thelma-adams,0.0
theo-schear,0.0
theresa-smith,0.0
thirza-wakefield,0.0
thomas-batten,0.0
thomas-hobbs,0.0
tierney-bricker,0.0
tiffany-fletcher,0.0
tiffany-staton,0.0
tim-appelo,0.0
tim-brayton,0.0
tim-cogshell,0.0
tim-coleman,0.0
tim-dowling,0.0
tim-evans,0.0
tim-goodman,0.0
tim-grierson,0.0
tim-hayes,0.0
tim-martain,0.0
tim-molloy,0.0
tim-robey,0.0
tim-surette,0.0
tim-swanson,0.0
timothy-e-raw,0.0
tina-hassannia,0.0
toba-singer,0.0
tobi-akingbade,0.0
toby-woollaston,0.0
todd-gilchrist,0.0
todd-jorgenson,0.0
todd-mccarthy,0.0
todd-vanderwerff,0.0
tom-augustine,0.0
tom-birchenough,0.0
tom-bond,0.0
tom-charity,0.0
tom-charles,0.0
tom-clift,0.0
tom-crowley,0.0
tom-dawson,0.0
tom-duggins,0.0
tom-eames,0.0
tom-glasson,0.0
tom-gliatto,0.0
tom-huddleston,0.0
tom-keogh,0.0
tom-long,0.0
tom-meek,0.0
tom-ough,0.0
tom-phillip,0.0
tom-rasmussen,0.0
tom-russo,0.0
tom-seymour,0.0
tom-shone,0.0
tom-williams,0.0
tomas-trussow,0.0
tommy-cook,0.0
tomris-laffly,0.0
toni-vall,0.0
tonja-renee-stidhum,0.0
tony-bravo,0.0
tony-hinds,0.0
tony-macklin,0.0
tony-medley,0.0
tony-norman,0.0
tony-rayns,0.0
tony-sokol,0.0
tony-stamp,0.0
tony-wong,0.0
tosh-smith,0.0
toure,0.0
toussaint-egan,0.0
toyin-owoseje,0.0
tracy-brown,0.0
travis-hopson,0.0
travis-hymas,0.0
travis-johnson,0.0
travis-leamons,0.0
tre-johnson,0.0
trent-moore,0.0
trent-wilkie,0.0
trevor-johnston,0.0
trey-mangum,0.0
tricia-olszewski,0.0
tricia-romano,0.0
trisha-brown,0.0
tristan-kneschke,0.0
tristram-fane-saunders,0.0
troy-patterson,0.0
ts-rhodes,0.0
tt-stern-enzi,0.0
tufayel-ahmed,0.0
ty-burr,0.0
ty-cooper,0.0
tyler-carlsen,0.0
tyler-christian,0.0
udita-jhunjhunwala,0.0
uri-klein,0.0
uriel-barco,0.0
vadim-rizov,0.0
valerie-complex,0.0
valerie-dunham,0.0
valerie-ettenhofer,0.0
valeriy-kolyadych,0.0
vanessa-bogart,0.0
vanessa-h-larson,0.0
variety-staff,0.0
verne-gay,0.0
veronica-lee,0.0
vesper-arnett,0.0
vicki-hyman,0.0
vicky-roach,0.0
victor-blanes-pico,0.0
victor-stiff,0.0
victoria-alexander,0.0
victoria-mcnally,0.0
victoria-russell,0.0
victoria-segal,0.0
victoria-tomkinson,0.0
vikram-johri,0.0
vikram-murthi,0.0
vinay-menon,0.0
vinayakk-mohanarangan,0.0
vincent-mancini,0.0
vinnie-mancuso,0.0
vinson-cunningham,0.0
violet-levoit,0.0
violet-lucca,0.0
violeta-kovacsics,0.0
virat-nehru,0.0
virginia-blackburn,0.0
viv-groskop,0.0
vivian-figueredo,0.0
vivian-kane,0.0
vlada-gelman,0.0
vrai-kaiser,0.0
wade-major,0.0
walker-macmurdo,0.0
walter-chaw,0.0
walter-v-addiego,0.0
wayne-alan-brenner,0.0
wendy-ide,0.0
wendy-steiner,0.0
wenlei-ma,0.0
wes-greene,0.0
wesley-lovell,0.0
whitney-evans,0.0
whitney-friedlander,0.0
whitney-scott-bain,0.0
will-ashton,0.0
will-dean,0.0
will-harris,0.0
will-lawrence,0.0
will-leitch,0.0
willa-paskin,0.0
william-bibbiani,0.0
william-carroll,0.0
william-dass,0.0
william-hughes,0.0
william-r-clark,0.0
william-robert-ferrer,0.0
william-venegas,0.0
willie-waffle,0.0
willow-maclay,0.0
wilson-morales,0.0
witney-seibold,0.0
wm-steven-humphrey,0.0
xan-brooks,0.0
xavi-sanchez-pons,0.0
yago-garcia,0.0
yana-grebenyuk,0.0
yasmin-kleinbart,0.0
yasmin-shehab,0.0
yasmine-el-rashidi,0.0
yip-wai-yee,0.0
yohana-desta,0.0
yolanda-machado,0.0
yonca-talu,0.0
yvonne-condes,0.0
zach-blumenfeld,0.0
zach-budgor,0.0
zach-ellin,0.0
zach-hollwedel,0.0
zach-middleton,0.0
zach-rausnitz,0.0
zach-schonfeld,0.0
zachary-doiron,0.0
zachary-kennedy,0.0
zachary-lewis,0.0
zachary-shevich,0.0
zack-handlen,0.0
zack-sharf,0.0
zane-moses,0.0
zeenia-baria,0.0
zehra-phelan,0.0
zhuo-ning-su,0.0
zoe-delahunty-light,0.0
zoe-haylock,0.0
zoe-hewitt,0.0
zoe-margolis,0.0
zoe-williams,0.0
zoey-peresman,0.0
zosia-bielski,0.0
armond-white,0.4879346336186341
