richard-dove,0.5,1
violet-levoit,0.02405744,76
melissa-leon,0,10
adrian-mack,0.000244504,112
samantha-celentano,0.75,4
luke-buckmaster,0.051266764,404
luke-goodsell,0.063069389,146
alberto-luchini,0.0747226,60
estelle-tang,0.5,2
mario-p-szekely,0.007812636,154
james-adams,0.513305672,88
allan-hunter,0.325390935,2089
mitchell-millar,0,4
ryan-swen,0.75,7
zach-schonfeld,0,14
alexander-sorochan,0,1
patrick-gamble,0.008789063,56
andre-seewood,0.5,1
ignacio-navarro,0.010132946,46
oscar-uriel,0.048875846,87
camille-espiritu,0.625,3
jonathan-bernstein,0.5,2
alex-bozikovic,0,2
james-jackson,0.5,1
ciara-wardlow,0,3
john-serba,1.82E-12,502
helen-ohara-12122,0.000307143,296
javier-ocana,0.160263435,207
kristy-puchko,0.877020136,361
cary-darling,0.501037627,486
kristy-strouse,0.001719952,21
gabrielle-schwarz,0,1
julian-chambliss,0,1
morgan-jeffery,0,1
ariel-henley,0.5,1
maureen-ryan,0.25428772,19
harry-haun,0.008789868,112
alexis-gunderson,0,1
aj-caulfield,0,5
sarah-aziza,0,1
francesca-angelini,0.6875,4
dan-lybarger,0.017716412,931
rachna-raj-kaur,0.5,1
evan-griffin,0.252197266,13
stephen-holden,0.016666429,2318
glenn-sumi,0.171906115,103
nate-chinen,0.5,2
jenny-mccartney,3.06E-05,23
graeme-tuckett,0.015625119,104
sinead-brennan,0.563663483,52
alex-lines,0.141268545,79
dan-barrett,0,1
ben-coleman,0.236450195,13
christopher-campbell,0.000244141,474
troy-patterson,0.099609375,10
aine-oconnor,0.156254321,245
neil-pond,0.068847657,467
masego-panyane,0.329101563,11
josh-jackson,3.05E-05,15
michael-nordine,0.041015923,526
paul-ennis,5.36E-07,32
namwali-serpell,0,1
phil-hoad,0.032783751,40
vrai-kaiser,0,1
ren-jender,0.5,6
davette-see,0.015625,6
sergio-lopez-aguirre,0.586977009,78
alexander-miller,0.765625,10
elena-nicolaou,0.062507629,19
aisling-moloney,0.5,1
dave-crewe,0.828125,13
sam-wollaston,0.015625,7
christina-newland,0.265625,10
lara-zarum,0.1875,20
peter-sobczynski,0.504029278,1343
michael-miner,0,1
taylor-peters,0.25,2
ross-bonaime,0.016124785,29
michael-atkinson,0.316563074,947
larushka-ivan-zadeh,5.96E-08,487
lisa-tsering,0.781250867,47
kevin-lally,0.125495913,352
phil-kennedy,0,1
ryan-oliver,0,2
pat-jackson,0,1
kevin-carr,0.185732889,2306
margaret-barton-fumo,0.375,4
graeme-virtue,0,5
manohla-dargis,1.22E-07,1701
david-edelstein,9.65E-07,1762
dan-fienberg,0.126961716,284
neil-smith,0.000116475,977
erik-davis,0.062623144,96
dave-mcginn,0.750154019,45
dennis-schwartz,0.129037382,11332
george-thomas,0.016177419,97
jose-cordova,0.25,2
jana-monji,0,7
rafer-guzman,0.018066645,1146
gemma-pecorini-goodall,0,5
dan-fainaru,0.034182356,97
andre-hereford,0.033722289,82
loren-king,0.125249867,220
alan-ng,0.028694416,51
helen-lewis,0,2
kathryn-laskaris,0.1328125,13
stephen-whitty,0.532234435,2632
oswaldo-betancourt-lozano,0.328188546,116
rebecca-lewis,0.273803711,14
pattie-pegler,0.5,1
catherine-gee,0,1
steven-d-greydanus,0.008668259,953
gabriel-tate,0,1
abbey-white,0.5,2
matt-glasby,0.062503818,402
john-hanlon,0.257572293,531
yasmine-el-rashidi,0,1
gabriel-roth,0.75,2
carlos-bonfil,4.02E-06,65
chris-wasser,0.031496048,32
jan-lee,0,2
antonio-camarillo,0.125,3
ariana-bacle,0.5,3
ch-newell,0.376953125,9
jeremy-mathews,0.000313491,106
matthew-eng,0.12512207,13
adam-starkey,0.578125,7
sean-fennessey,0,1
malik-adan,0.525390625,9
rafael-rosales-santos,0.274269105,106
alan-scherstuhl,0.000526458,711
sherilyn-connelly,0.633431517,570
marisa-mirabal,0.8203125,9
pete-vonder-haar,0.002441406,732
jasper-rees,0.078247555,72
john-defore,0.126527809,1033
david-fear,0.753971339,895
william-carroll,0.5,1
rob-dean,2.62E-05,23
aubrey-page,0.002105713,16
isobel-raphael,0,4
jorge-negrete,0.125,4
sanjay-shankar,0,1
alyssa-rasmus,0,1
william-dass,0,1
sergio-huidobro,0,13
dave-schilling,0.253997803,15
jason-wilson,0.125671923,34
adam-white,0.375,4
euan-ferguson,0,2
rebecca-farley,0.75,3
maura-judkis,0.6875,4
sophie-brown,0.533326149,20
james-bridcut,0,1
dave-trumbore,0.34375,7
alan-jones,0.006184498,416
christopher-rosen,0,3
stephen-danay,0.070439369,93
lizzie-plaugic,0,2
edward-douglas,0.266327876,1915
gabrielle-bondi,0.37500763,45
kimberley-jones,0.067024232,853
ella-kemp,0.8125,7
catherine-shoard,0.00097695,187
leslie-katz,0.253975213,42
dustin-putman,0.008309439,3174
daniel-rutledge,0.519655228,21
mike-reyes,0.251725503,82
sean-oconnell,0.657299995,1306
paddy-kehoe,0.128105208,73
mark-r-leeper,0.128479004,1805
adam-nayman,0.558777858,469
conor-bateman,0.257940578,35
eli-fine,0.422485352,45
eli-sanders,0.516845703,12
jr-southall,0.720825674,37
dwight-brown-18916,0.252079981,204
deirdre-molumby,0.532714844,12
peter-crawley,0,1
cassie-da-costa-19917,0.25,2
jacob-knight,0.112342867,95
dan-einav,0.75,2
mekeisha-madden-toby,0,2
sarah-griffin,0.001953125,17
luis-martinez-18379,0.130371172,179
charles-bramesco,0.031829839,93
jim-shelley,0.5,1
michael-d-reid,0.144341054,68
robert-abele,3.25E-05,1070
jon-frosch,0.198242665,223
brad-mariano,0.5,6
glen-weldon,0.031494141,13
fausto-ponce,0.093816415,62
james-hanton,0.84375,7
julie-washington,0.024674256,83
yana-grebenyuk,0.75,2
andrew-chan,0.614379883,13
derek-smith,0.172070273,342
kass-mitchell,0,1
ian-sandwell,0.265625,6
marija-djurovic,0.008056641,363
chris-alexander,0.462064012,101
bill-keveney,0,1
chance-solem-pfeifer,0.644779107,47
fernando-e-juan-lima,0,2
gail-tolley,0.004234351,46
hannah-lemass,0,1
zachary-lewis,0,1
kyle-mullin,0.013305664,14
stuart-klawans,0.312515298,398
michael-osullivan-18857,0.021545649,37
nick-newman,0.257946022,63
matthew-toomey,0.164192237,667
eric-henderson,4.20E-06,486
catherina-gioino,0,3
pedro-jose-tena,0.5,1
james-bartlett,0,5
jeffrey-bloomer,0.016892205,42
oleg-ivanov,0.287620614,74
kate-taylor,0.230553053,297
ty-burr,0.125122219,2474
justin-lowe,0.347664955,272
danielle-ransom,0.125,3
david-james,0.011964798,62
kyle-aaronson,0.125,8
blake-williams,0.000318875,34
gary-rotstein,7.63E-06,19
zoe-williams,0,1
mabel-salinas,0.017033827,141
scott-menzel,0.633331895,86
candice-frederick,0.28177366,491
norman-wilner,0.629162438,1195
joyce-millman,0,5
michael-smith,0.078125596,469
mary-mcnamara,0.531250015,26
camilla-long,0.06849054,284
gemma-creagh,0.53125,9
emma-stefansky,0.75,2
bruce-demara,4.71E-05,467
nestor-burtone,0.09725963,32
eleanor-ringel-cater,0.875314482,1070
jonathan-kiefer,0.074234009,539
orla-smith,0,2
yasmin-shehab,0.003540043,119
joule-zelman,0.25,8
laura-hiros,3.31E-05,188
jenna-dorsi,0,1
tom-charity,0.166019458,246
hanh-nguyen,0.094732409,39
julia-smith,0.03515625,9
john-urbancich,0.501953275,272
luke-spafford,0.857421875,11
zehra-phelan,0.25,4
chris-klimek,0.64868252,129
jason-guerrasio,0.000263459,50
jennie-kermode,0.944059006,1195
mark-monahan,0,7
amy-nicholson,0.071291002,949
blake-howard,0.031257637,563
felix-vasquez-jr,0.265698463,2822
ross-ruediger,0.035644531,11
andrea-mandell,0,2
eddie-cockrell,3.29E-05,226
pilot-viruet,0.25,4
robin-wright,0,1
paula-vazquez-prieto,0.5,9
robert-lloyd,0.156982422,55
lisa-giles-keddie,0.507815302,309
ed-halter,0.166232825,89
patrik-sandberg,0.125,3
justin-carreiro,0.5,4
meredith-blake,0,4
alexandra-pollard,0,4
diana-su,0.25,4
jazmine-joyner,0,1
sally-newall,0,2
amy-amatangelo,0.0546875,9
graham-techler,0.578125,6
miguel-munoz-garnica,0.001045763,28
karen-dsouza,0.13382411,29
ellen-brait,0.015625,7
tatiana-craine,0.007938623,27
ken-eisner,0.005291276,566
zoe-margolis,0.218933105,15
kit-bowen,0.25048925,639
lili-loofbourow,0.015625495,31
joelle-smith,0,14
ned-lannamann,0.033651367,49
wayne-alan-brenner,0.140625,6
tobi-akingbade,0.5,2
suzanne-keane,0.375,3
harvey-s-karten,0.035158115,3933
gillie-collins,0,4
kate-knibbs,0,2
princess-weekes,0.7578125,7
sarah-marrs,0.258789063,550
bethonie-butler,0,2
sarah-arthur,0.5,1
elliott-noble,0.031876098,551
gus-edgar,0.260498047,15
kenny-hanlon,0.5,1
joshua-speiser,0.25,7
chris-hewitt-4371,0.273456596,109
scott-wampler,0,7
lucy-scholes,0.5,1
nikola-grozdanovic,0.13392736,129
scott-collura,0.1441273,78
marwa-hamad,0,3
tom-seymour,0.093933151,55
jamie-dunn,0.539062756,107
molly-horan,0.25,2
kam-williams,0.226648331,2055
zach-budgor,0.125,3
soumya-rao,0,2
julia-black,0,4
henry-heffer,0.15625,5
charlie-hall,0.5,1
clint-c,0,10
jamie-graham,0.002081156,243
karen-gordon,0.314474106,19
germain-lussier,0.035156444,44
robbie-ann-mcpherson,0.102149963,17
shannon-liao,0,1
robert-kojder,0.03140831,519
virat-nehru,0.0390625,9
stephen-romei,0.800802531,232
christopher-kompanek,0.379211426,16
glenn-heath-jr,0.049393423,178
jason-zingale,0.156381607,523
maria-m-delgado,0,6
oktay-ege-kozak,0.128922002,103
matt-pais,0.88478858,2173
ben-neutze,0,1
jr-kinnard,0.016174316,117
nihit-bhave,0.506256614,47
charles-koplinski,0.766175576,554
gareth-thornton,0,1
delia-harrington-20768,0.75,3
diva-velez,0.507943267,356
daniel-krauze,0.546936393,132
ray-pride,9.54E-07,670
rain-jokinen,0.12525177,115
lisa-jensen,0.000122101,119
miles-surrey,0,2
sridhar-adivi,0.6640625,7
cameron-meier,0.009798124,128
laura-beck,0,2
erik-kain,0.5,1
samfrey-tan,0.5,9
christopher-machell,0.254152792,155
bill-zwecker,0.005706804,132
anthony-morris,0.004398406,136
barry-hertz,0.007946014,210
chris-gore,0.754272953,113
lauren-carroll-harris,0.014659889,58
jan-moir,0,3
kendra-james,0.5,2
claudia-puig,0.691422032,1987
xan-brooks,0.141728,345
eve-macsweeney,0.5,1
rachit-gupta,0.125366235,307
michael-rechtshaffen,0.500130177,1150
michelle-devereaux,0.261842731,29
anthony-lane,0.003311897,792
israel-paredes,0.084520639,41
andrew-pollard,0.260828078,32
joshua-rothkopf,0.501960874,1263
meagan-navarro,0.25,2
emily-sears,0.071044922,12
sheri-linden,0.531285537,1074
gary-wolcott,0.207223417,900
jessica-ellicott,0,6
sadhbh-ni-bhroin,0.094726563,14
dylan-walker,0.25,12
derek-malcolm,0.007935174,1206
alex-doenau,0.142700203,240
dustin-krcatovich,0.140625,6
ben-robins,0.282226563,11
jacob-soll,0,1
michael-phillips-11845,0.009767964,2163
alex-welch,0.015640319,72
susan-kemp,0.0078125,8
laura-miller,0.247592926,18
leah-garchik,0.3125,8
lauren-terry,0.007813703,32
fernando-alvarez,0.255447388,18
fernando-santoyo-tello,0.001953129,49
john-tones,0,4
meena-iyer,0.577799482,87
donna-bowman,0,1
molly-haskell,0.015625,9
simon-crook,0.020542145,133
philip-martin,0.000259549,1650
katey-rich,0.05937244,527
jessica-ritchey,0,1
martin-roberts,0.500757249,220
nikki-baughan,0.376961827,183
stephanie-zacharek,0.062501259,1817
rebecca-nicholson,0.625,3
sarah-watt,0.129704008,49
mark-asch,0.539551217,65
jac-kern,0.125,3
marty-brown,0.0625,6
jordan-crucchiola,0.984375,8
matt-melis,0,2
mike-ryan-16092,0.00097692,153
emily-gaudette,0.5,3
tony-sokol,0.8125,6
ian-freer,0.095764161,281
keith-watson-18542,0.798236029,111
kate-mossman,0.5,1
budd-wilkins,0.636719562,73
hugo-juarez,0.786132813,10
nathan-frontiero,0,1
megan-nash,0.0625,5
liam-maguren,0.015625002,163
charles-steinberg,0.145507813,19
matthew-monagle,0.250976563,10
angie-errigo,0.344239373,442
peter-howell,0.000976577,2259
michael-ordona,0.00049651,216
dan-mecca,0.226623536,121
josh-lasser,0.106628666,121
phil-hall,0.860056013,1205
neely-swanson,0.379061699,185
matthew-odam,0.000259429,80
eric-deggans,0,5
kate-erbland,0.000991881,298
donald-strohman,0.005905271,31
steve-obrien,0.078125,7
robert-horton,0.500061099,650
sarah-jones,0,1
brianna-kirkham,0,2
grant-jonsson,0.5625,8
michael-brooke,0,8
ed-whitfield,0.250011475,593
chris-cabin,0.42587384,844
eric-walden,0.5,1
chris-nashawaty,0.253912002,562
constance-grady,0,2
john-everhart,0,1
justin-craig,0.893568039,161
aliya-whiteley,0,1
kiva-reardon,0.101735122,35
britton-peele,0.297119144,45
monica-castillo,0.893387591,201
chris-packham,0.265873224,197
ben-lindbergh,0,2
stella-papamichael,0.002154502,809
jeffrey-fleishman,0,3
anna-leszkiewicz,0.375,11
ilana-kaplan,0.5,1
liam-hanlon,0.001953125,16
prairie-miller,0.862433926,1694
jacob-stolworthy,0.1328125,7
sweta-kaushal,0.291390456,77
marcelo-stiletano,0.5,2
jason-rhode,0.5,4
michael-coldwell,0.641191483,20
lorraine-ali,0.594726563,12
julia-felsenthal,0.531250499,37
josh-slater-williams,0.000984192,182
linda-holmes,0.252105737,63
christoph-huber,0.00809171,587
andros-pineda,0.25,4
dan-seitz,0.25,2
michael-rice,0,1
shane-slater,0.125003878,93
james-hadfield,0.032230558,32
carlos-f-heredero,0.50946045,63
kate-stables,7.64E-06,130
alex-abad-santos,0.500002146,37
peter-hartlaub,0.375141537,586
dan-grossman,0,2
tom-williams,0.25,3
giulia-heyward,0.25,2
peter-bradshaw,0.259339809,3756
craig-takeuchi,0.157111817,44
anita-katz,0.015625002,217
amber-cortes,0,1
scott-a-mantz,0.132827766,556
ian-barr-14222,0.020996094,12
owen-richards,0,9
jeff-strickler,0.786845814,526
barbara-ellen,0.566542387,32
cecilia-nowell,0,1
rebecca-hawkes,0.273925781,11
dylan-green,0.25,2
meredyth-cole,0.5,1
matt-schley,0.375,3
ali-gray,0.007873539,362
evan-manning,0,1
jake-harris,0.5,2
molly-laich,0.437545925,140
stephen-mayne,0.254032195,58
matt-looker,0.789680481,203
thirza-wakefield,0.28125,9
j-hoberman,0.515626939,1050
genevieve-koski,0.53128052,59
steve-greene,0.09375763,34
wenlei-ma,0.000122108,152
christopher-lawrence,0.095336916,244
cricket-epstein,0,4
ben-sachs,0.005374978,705
matt-webb-mitovich,0,3
jamelle-bouie,0,2
carolyn-hinds,0,2
brian-pendreigh,0.843900711,30
monique-jones,0,3
emmanuel-baez,0.031251437,83
tim-evans,0.008880796,902
lucero-solorzano,0.255386353,200
andrew-carroll,0.2578125,14
paula-mejia,0,5
michael-wade-simpson,0.109375,16
alissa-simon,0.859747185,156
henry-stewart,0.988418826,750
dean-lamanna,0,2
andrew-wright,0.125396967,408
paula-farmer,0.5,13
tomris-laffly,0.00012207,167
devesh-sharma,0.782681406,77
carly-lane,0,1
tina-hassannia,0.158051015,148
rich-phippen,0.255989313,78
nick-rogers,0.141115215,918
emily-wheeler,0.699226379,24
mike-laws,0.4375,4
nev-pierce,0.066442564,289
arlin-golden,0.625247955,36
erik-henriksen,0.126955036,28
kelli-weston,0.5,4
alicia-cohn,0,6
tristram-fane-saunders,0.125,4
alex-zane,0.000628486,573
chris-hanna,0,1
liam-macleod,0.09375,5
jay-horton,0.13776799,48
david-kettle,0.001259804,26
jose-solis-mayen,0.093877017,24
irene-falvey,0,2
james-berardinelli,0.040064819,4951
bill-odriscoll,0.03125,7
libby-purves,0.453125,14
theresa-smith,0.361696571,177
andy-chen,0.765625,8
geoffrey-macnab,0.257812888,1287
becky-lucas,0,3
wesley-lovell,0.195373535,973
brian-truitt,0.001037657,230
mark-newbold,0,1
andrei-kartashov,0.5,1
danny-king,0.011750358,68
ford-maddox-brown,0.1328125,12
stephen-rebello,1.94E-06,281
jimi-famurewa,0.023471832,19
ed-bark,0.625324306,50
daniel-m-gold,0.251470864,157
tonja-renee-stidhum,0,2
ashley-menzel,0.125489712,22
michelle-alexandria,0.65940724,324
robbie-collin,0.046936929,1367
robin-clifford,0.503915315,2653
joe-leydon,0.251960788,1084
brian-collins,0.25,3
jordi-batlle-caminal,0.055552043,60
michael-king,0.3125,4
richard-james-havis,0.010375978,255
chuck-barney,0.78125,8
andy-swift,0.125,3
jon-negroni,0,2
andreas-giannopoulos,0.25,2
aaron-hillis,0.191419603,550
nando-salva,1.91E-06,24
toussaint-egan,0.0625,4
liam-lacey,0.259831436,1619
john-nugent,0.031373982,67
rachael-sampson,0,3
brian-viner,1.43E-06,565
richard-porton,0.564821236,74
juanma-ruiz,0.12774297,35
john-berra,0.009521484,14
victoria-mcnally,0.625,4
gregory-ellwood,0.750015259,138
dipanjan-sinha,0,3
joe-morgenstern,0.031250119,1582
maximilian-von-thun,0.130126953,20
joel-harley,0.255250225,45
samuel-spencer,0,2
amy-taubin,0.000122085,195
matt-maytum,0.000250818,56
keith-phipps,0.56298925,758
rubin-safaya,0.515888238,197
jack-shepherd,0,6
will-lawrence,0.250992191,41
kimberly-gadette,0.128997862,514
harry-readhead,0.06640625,13
jackson-mchenry,0.5,1
darren-franich,0.007968937,31
kayla-cobb,0.042931557,21
carlos-del-rio,0.187599183,43
mariana-fernandez,0.000267149,46
agnes-kegl,0.5,1
james-walton,0.5,1
diane-pershing,0.062591553,67
katey-stoetzel,0.0546875,12
esau-mccaulley,0,1
kate-wilson,0.116210938,10
price-peterson,0,1
lochley-shaddock,0.0078125,9
vikram-murthi,0.047244201,56
cameron-k-mcewan,0.5,2
tom-duggins,0.158210754,22
stuart-heritage,0.625,4
brian-moylan,0.754000671,27
jarrod-walker,0.39133537,42
cameron-williams,0.125244439,286
andrew-lowry,0.062759446,80
bill-chambers,0.755127918,615
amy-brady,0.005859375,16
mark-adams,0.251955078,568
jesse-schedeen,0.5625,4
chris-agar,0.258303166,65
mark-dujsik,0.008547158,2277
erick-estrada,0.269800695,269
amy-zimmerman,0,4
barbara-shulgasser,0.141245315,512
meghan-okeefe,0.015625,6
eric-d-snider,0.500005075,3658
eduardo-molina,0.01562598,165
laura-prudom,0.5,3
felipe-vicente,0.25,4
rachel-cooke,0.0390625,7
francesca-rudkin,0.14062502,348
donnie-kwak,0,2
daniel-barnes,0.062694771,278
hank-stuever,0.536195056,66
susana-polo,0.000282288,17
chris-schulz,0,7
zack-handlen,0,1
edward-lawrenson,4.67E-05,156
jon-espino,0.508255363,146
joshua-rivera,0.34375,13
gregory-wakeman-16597,0.047611254,199
andrew-parker,0.141601563,15
james-marsh,0.000316683,195
ceri-radford,0.5,1
damian-moreno,0.4609375,8
alice-blackhurst,0.5,2
jordan-cronk,0.031311095,52
louis-virtel,0,1
peter-keough,0.105712958,1259
danielle-valente,0,1
miguel-ravelo,0.0078125,7
kristin-m-jones,0.000488281,19
ian-nathan,0.50000966,323
christopher-llewellyn-reed,4.87E-06,226
trisha-brown,0.625,4
sofie-steenhaut,0.5,1
david-tejero-nogales,0,3
nathan-carson,0.409244537,18
blake-crane,0.782473087,200
steven-neish-14518,0.006057801,36
nick-rocco-scalia,0.590255737,17
martin-hoyle,0.064468541,65
jane-mulkerrins,0,3
fico-cangiano,0.093902827,183
nathan-mcvay,0,9
malcolm-venable,0,3
jordan-ruimy,0.306704285,149
marco-cubillo,0.32421875,9
inkoo-kang,0.613349945,302
scott-clark,0.519766808,23
nathan-osborne,0.165050671,30
madeline-raynor,0,1
dan-jardine,0.642578364,935
daniel-krupa,0.016666412,20
laura-molzahn,0,1
matt-turner,0,3
tasha-robinson,4.20E-05,650
david-fontana,0.125000002,83
kristen-yoonsoo-kim,0.33267975,81
nora-lee-mandel,0.000275619,680
reza-noorani,0.689606228,51
hugo-hernandez-valdivia,0.03323556,158
hillary-busis,0,3
maggie-lee,0.42199904,146
wilson-morales,0.036376959,238
zosia-bielski,0.078125,6
josephine-livingstone,0.001110615,38
kristen-page-kirby,0.796875,7
louis-proyect,0.562649685,1061
aimee-knight,0.007814407,19
liam-nicholls,0.265625,6
anne-easton,0,1
jeffrey-lyles,0.656410714,732
david-turpin,0,3
elizabeth-kerr,0.156794587,59
patrick-cooley,0.3125,9
sophie-wyatt,0.125,4
drew-mcweeny,0.003983242,600
jeanmarie-tan,0.5,4
kristin-finan,0.1875,4
raju-mudhar,0,5
bob-grimm,0.250246049,556
charlie-deitch,0,2
richard-roeper,0.287109436,2585
jaymes-durante,0.914550781,14
glenn-dunks,0.259283633,483
kara-warner,0,3
mike-mccahill,0.758309431,606
shaunna-murphy,0,2
joey-nolfi,0.000494152,25
david-cairns,0.010528564,17
abigail-chandler,0.375305176,14
darian-lusk,0.3125,4
erin-free,0.188305181,253
amy-bowker,0,5
andrew-blackie,0,5
argun-ulgen,3.15E-05,31
jody-mitori,0.068421381,38
anthony-assad,0,2
mayer-nissim,0.032350185,57
leah-st-lawrence,0,1
stephen-silver,0.313480377,721
sara-michelle-fetters-8689,0.037113235,2028
jared-rasic,0.51953125,11
gem-seddon,0.375,4
kyndal-wilson,0.625,4
adam-graham,0.000123154,653
scott-nash,0.06641412,1101
marten-carlson,0.782226563,11
tom-charles,0.546875,9
christopher-frizzelle,0.5,3
kalyn-corrigan,0.25,4
bilge-ebiri,0.03529358,675
manjusha-radhakrishnan,0.016693116,92
eleanor-halls,0,3
michelle-ruiz,0,2
diego-salgado,0,1
scott-d-pierce,0,13
jessie-carpenter,0.5,1
anthony-salveggi,0.004703403,23
jim-brunzell-iii,0.298828125,17
duarte-garrido,0,1
debashine-thangevelo,0.258346822,32
evan-valentine-17965,0,1
jen-chaney,0.015626014,128
steve-uncle-creepy-barton,0.291747619,235
allyson-johnson,0.009781264,173
violeta-kovacsics,0.125976563,14
richard-hayward,0,2
marty-mapes,0.096679934,1259
gilbert-adair,0.021027111,35
diego-batlle-18293,0.071903971,301
patricia-garcia,0,3
gary-m-kramer,0.162109778,73
dave-searle,0,1
kelsey-mckinney,0.5,1
lucia-ros-serra,0.001997073,37
terri-white,0,8
francisco-marinero,0.05289818,83
deborah-ross,0.416184472,215
alexa-volland,0,1
carlos-maranon,0.184643421,91
suzi-feay,0.126953125,10
joanne-ostrow,0.411254883,20
mahmoud-mahdy,0.06451416,16
anders-furze,0,3
clio-chang,0,3
michael-roffman,0.378922957,107
ira-madison-iii,0.080202222,24
gaspar-zimerman,0.014211062,111
sarah-ward,0.06250088,583
rohit-vats,0.128913915,122
wes-greene,0.068325058,98
jamie-healy,0.004943967,39
tom-birchenough,1.86E-09,69
yip-wai-yee,0.000122522,73
reed-tucker,0,1
karen-krizanovich,0.073257446,134
ariana-romero,0.25,2
andrea-thompson,0.01612854,18
roger-catlin,0.001102448,55
marc-snetiker,0.03125,5
jill-wilson,0.281341553,15
anthony-ray-bench,0.046892357,66
david-prendeville,0.63671875,10
alessandra-codinha,0,1
sandy-schaefer,0.063478471,258
alexandra-macaaron,0.250004054,114
alison-willmore,0.062516213,562
eric-webb,0,3
david-nusair,0.732957587,5310
veronica-lee,0,10
ed-frankl,0.000244618,33
tom-eames,0.5,4
joanne-soh,0.167969704,179
shawn-glinis,0.341796875,11
jordan-mintzer,0.754959025,282
matthew-bond,0.064538032,595
jon-winkler,9.54E-07,36
melanis-tai,0.8125,5
robert-fulford,0,1
abbey-bender,0.500015741,79
jonathan-w-gray,0,1
justin-chang,0.000976682,1054
kathleen-rizzo-young,0.031745911,18
annlee-ellingson,0.504409791,1141
kimber-myers,0.297854453,244
daniel-goodwin,0.328677502,40
rachael-vaughan-clemmons,0,2
gregory-weinkauf,0.282973335,365
courtney-howard,0.015875401,261
jen-yamato,0.261842734,165
roger-tennis,0.156377018,233
vincent-mancini,0.500018246,365
tim-coleman,0.860595703,22
tim-hayes,0.5,3
steve-persall,0.285186889,850
kaitlin-thomas,0,1
erick-ortiz,0.437745333,26
rafael-paz,0.062622599,99
michael-joshua-rowin,0.275034255,43
edie-nugent,0.75,2
bryan-bishop,0.343793875,100
spike-friedman,0.5,1
kieron-moore,0.31640625,11
christy-lemire,0.062500134,1299
elizabeth-kiefer,0,7
evan-saathoff,0.093873286,42
andrew-karpan,0.09387207,13
josh-hamm,0.25,3
jennifer-szalai,0,1
andrew-pulver,0.037157307,314
matthew-anderson,0,2
rob-carnevale,0.258926408,240
katherine-monk,0.752029669,532
luke-t-harrington,0,1
dana-stevens,0.00086987,858
ben-kuchera,0.5,1
shirley-li,0,1
erica-abeel,0.007938863,175
helen-herimbi,0.0625,6
tom-meek,6.10E-05,437
emma-johnston,0.274490356,16
javier-perez,0.750062048,33
david-bernal,0.046875,7
alicia-adejobi,0.015625,7
bill-goodykoontz,0.125611424,1765
scott-von-doviak,0.050831335,383
chris-barton,0.078125,6
lawrence-garcia,0.1875,8
bryan-rolli,0.3125,4
kenneth-turan,0.002441407,2202
akemi-aiello,0.125,6
forrest-cardamenis,0.140674626,37
jean-lowerison,0.007820131,876
elias-savada,0.782806635,573
naomi-shea,0.125,3
christian-holub,0.502518535,32
craig-d-lindsey,0.253923416,170
janet-smith,0.126964827,98
drew-grant,0.03125,7
charlie-phillips,0.25,12
cynthia-fuchs,0.00980589,2076
rob-thomas,5.07E-07,1374
luke-baynes,0,1
aimee-lee-abraham,0.5,1
victor-blanes-pico,0.260411389,32
sandie-angulo-chen,0.812995196,901
willow-maclay,0.25,5
joey-keogh,0,1
adrian-monserrat,0,7
alex-casey,0.813980104,59
cody-schmitz,0,1
conor-odonnell,0.23828125,13
ap-kryza,0.062584519,56
nijla-mumin-19766,0.625,4
kimberly-roots,0,2
daniel-kasman,0.250991963,493
karthik-kumar,0.020751953,12
justin-charity,0.5625,4
calum-marsh,0.259308356,269
marcos-cabrera,0,1
julian-roman,0.038330287,454
stephanie-francis,0,2
mark-keizer,0.258065224,324
kathleen-smith,0,2
kyle-pletcher,0.5,1
david-walters,0.1875,4
kaleem-aftab,0.750984311,75
leonardo-garcia-tsao,0.5010378,96
vivian-kane,0.1875,4
kevin-harley,0.005859926,363
james-mottram,0.004951731,679
andrew-husband,0,2
jeanne-kaplan,0.0227089,882
brian-seibert,0.25,3
peter-hall,0.609375,22
mark-matousek,0.71875,6
matt-brunson,0.281501778,2888
mark-rabinowitz,0.001953125,13
witney-seibold,0.033447564,291
lanre-bakare,0.063004732,24
fiona-sturges,0,1
tim-appelo,0.660160066,135
colin-dabkowski,0.125,3
hannah-woodhead,0.77347005,29
hanif-abdurraqib,0,1
eric-melin,0.031380076,955
spencer-kornhaber,0.0625,7
manuela-lazic,0.004398733,26
joel-keller,0.5,1
kent-turner,0.004987181,910
randall-king,0.276401522,237
phillip-carter,0,1
julia-raban,0.074464455,35
chris-sawin,0.25781259,476
charlotte-ross,0.25,2
harry-kloman,0.15625,5
dana-schwartz,0,7
richard-larson,0.534431934,26
jules-brenner,0.125734881,1582
randy-cordova,0.531250371,370
tricia-romano,0,1
brooke-cain,0,4
amanda-carnac,0.75,3
mara-reinstein,0.031295776,248
rob-staeger,0.002198222,90
chase-whale,0.689590931,202
ivan-belmont,0.03387475,67
david-sexton,0.002687222,369
jamie-davies,0,2
saskia-baron,0.37696153,42
martyn-conterio,0.000247607,135
chris-barsanti,0.500125886,1313
noemi-berkowitz,0.625,3
genevieve-valentine,0.828140379,45
mark-olsen,0.539076001,484
helen-t-verongos,0.783238903,43
paul-ocallaghan-19201,0.001464844,11
imogen-west-knights,0.000976563,12
laura-hurley,0.5,1
ali-catterall,0.453140322,104
odie-henderson,0.750000003,181
paul-macinnes,0.536132813,12
jonathan-raban,0.5,1
tomas-trussow,0.007818244,46
jim-dixon,0.035232782,22
stephen-kelly,0.000503876,56
jon-towlson,0.0625,6
carlos-diaz-reyes,0.127594504,162
james-segal,0.25,3
aurelie-dupire,0.250523567,21
anthony-guivas,0,1
s-james-wegg,0.98077395,532
alanah-pearce,0,1
gersh-kuntzman,0.58984375,12
simon-foster,0.031495795,721
geoff-andrew,0.125763416,991
bill-prince,0,1
jesse-david-fox,0.5,5
steve-macfarlane-14614,0.270675826,138
sofia-ochoa-rodriguez,0.757355714,68
lucas-wong,0,1
john-higgins,0.461162626,51
carla-cisneros,0,2
bruce-andriatch,0.1875,6
jocelyn-noveck,0.269531369,151
matthew-razak,0.375286225,319
durga-chew-bose,0.03125,5
claudia-connell,0.609375,6
jo-bradley,0.5,4
daniel-felsenthal,0,1
marty-sliva,0,2
dave-calhoun,0.133134846,732
amelia-emberwing,0,1
clayton-dillard,0.88587554,269
jim-lane,0.094612189,2094
jake-nevins,0,5
george-art-baker,0,1
ashley-bulayo,0.5,2
adam-fresco,0.626512548,56
stefan-pape,0.938476714,757
carlos-valladares,0.5,1
catherine-wheatley,0.03125,9
ian-mantgani,0.008326769,23
mehboob-bawa,0.5,2
chus-perez-giron,0.152623653,24
maren-longbella,0.00012207,17
shea-serrano,0,1
thomas-hobbs,0,1
steve-johnson,0.0625,4
craig-mathieson,0.002082825,535
eli-goldfarb,0.671875,7
david-berry,0.01820422,159
david-lewis,0.015885175,268
jamal-dean-grootboom,0.079104189,31
sd-kelly,0,1
jonathan-w-hickman,0.015876785,585
david-oppedisano,0.25,5
victor-stiff,0.51953125,11
chris-bumbray,0.523559573,1262
dan-callahan,0.266606825,245
lucero-calderon,0.204182644,51
eliana-dockterman,0.5,1
brock-wilbur,0,1
max-nelson,0.507812795,30
paul-byrnes,0.500093818,553
jamie-broadnax,0.03180355,39
kate-abbott,0,1
juan-tolentino,0.251955032,19
margot-harrison,0.035705568,321
michael-sangiacomo,0.438476563,11
orlando-maldonado,0.001957075,33
shekhar-h-hooli,0,2
andrew-osborne,0.25,7
justine-smith,0.8125,5
leo-goldsmith,9.30E-05,227
renata-polt,0,2
deirdre-de-grae,0,1
kelly-lawler,0,4
john-semley,0.255219586,130
robert-levin,0.257934571,970
david-houghton,0,1
ed-gonzalez,0.075714119,2087
jj-negrete,0.257370714,134
huw-fullerton,0,4
anjali-raguraman,0.125,6
michelle-sabato,0,3
kevin-mccarthy,0.007827878,481
michael-starr,0,2
sadaf-ahsan,0,3
brian-costello,0.315641662,396
john-bleasdale,0.01904691,151
paula-arantzazu-ruiz,0.937501106,92
james-verniere,0.282478382,2012
brogan-morris,0.091377318,38
jason-anderson,0.000490429,701
david-segal,0,4
peter-debruge,0.005920896,1115
caroline-siede,0.765625,7
zachary-shevich,0.003922343,30
lisa-mullen,0,11
sean-l-mccarthy,0.369918823,17
toyin-owoseje,0,1
elisabeth-vincentelli,0.5,6
scott-beggs,0.296906234,42
lindsay-zoladz,0,4
rosie-fletcher,0.016754925,100
james-wolcott,0,1
naomi-wong,0,3
caroline-cao,0,5
calum-henderson,0.5,1
colette-bancroft,0,1
joe-mcgovern,0.385746047,313
isabelle-galet-lalande,0,2
adam-chitwood,0.007938387,59
james-parker,0.0625,4
matt-zoller-seitz,7.65E-08,457
courtney-button,0.571489334,21
mike-hale,0.137207126,195
stephen-puddicombe,0.560673714,24
diana-saenger,0.945451349,559
sonia-saraiya,0.1953125,17
david-rooney,0.625496152,626
michele-manelis,0,1
robert-martin,0.253173828,12
philip-de-semlyen,0.578247309,79
n-a-cordova,0.3125,6
tanner-tafelski,0,6
eloise-ross,0,5
amy-west,0.0625,85
steven-zultanski,0,1
michael-jaconelli,0.0078125,14
jonathan-anderson,0.132324219,15
tony-rayns,0.00390625,67
teo-bugbee,0.758392367,38
alex-mclevy-16692,0.032194138,24
don-kaye,0.007820145,91
debra-craine,0,2
jim-vejvoda,0.127441533,186
mark-feeney,0.502876312,248
pablo-villaca-5765,0.031259538,1377
fernando-andres,0.75,2
carlos-esquives,0.439474106,19
maryann-johanson,0.001464903,4086
alberto-abuin,0.471208577,129
jonathan-victory,0,5
ian-white,0.28125,5
katherine-murray,0,4
nayanika-kapoor,0.5,1
chris-knight,0.447396335,1065
kaitlin-reilly,0.5,1
joe-weisenthal,0.5,1
ann-hornaday,0.250522644,1574
rex-reed,0.750020061,1580
mallory-andrews,0.086212641,86
peter-calder,0.011433557,186
chris-vognar,0.501037717,925
john-anderson,0.143098836,1843
james-poniewozik,0.505859375,11
adam-clark-estes,0,1
britt-hayes,0.656379715,65
sol-harris,0.031394958,19
jo-berry,0.125036955,90
luis-fernando-galvan,0.048150584,303
eric-diaz,0.75,2
caroline-westbrook,0.156801314,73
shawn-hazelett,0.023446208,49
ali-lopez,0.445697308,39
meghan-gilligan,0,1
teresa-jusino,0.500976563,13
rochelle-siemienowicz,6.20E-05,94
dante-james,0.625,3
scott-mendelson,0.050904162,396
ruth-brown,0.03125,6
james-hennessy,0.26953125,11
daniel-neman-17820,0,2
maureen-lee-lenker,0,1
ashleigh-kane,0,1
joshua-keating,0,1
jahkotta-lewis,0,2
alison-lanier,0,1
erika-balsom,0.125,3
ethan-vestby,0.250931893,65
oliver-lyttelton,0.002970487,146
devan-coggan,0.062501971,69
will-harris,0.500033379,22
staci-layne-wilson,0.059402522,1296
alex-bhattacharji,0,2
dominic-corry,0.078130975,161
kevin-n-laforest,0.756490769,923
josh-winning,0.50488288,91
luke-hearfield,0,3
christine-iyer,0.44442749,17
michael-fairbanks,0.082397463,38
jake-wilson,0.01242088,616
eric-monder,0.257995748,475
james-croot,0.031250158,173
brad-wheeler,0.017109306,332
bradley-warren,0.256408811,27
john-lui,0.191419724,407
cavan-mcginsie,0,2
jake-pesaruk,0.125,3
alan-small,0,1
indra-arriaga,0.252159838,115
spencer-coile,0.171875,6
jay-weissberg,0.009069995,378
jason-solomons,0.547607914,111
carlos-canas,0.5,3
nick-vadala,0.5,4
lucy-mangan,0.0625,4
lola-landekic,0,2
keisha-hatchett,0.00390625,8
shelagh-rowan-legg,0.250976563,20
brian-orndorf,0.025637656,5342
matthew-pejkovic,0.006698624,839
lucy-lau,0.819335938,10
tom-long,0.007812619,2337
jonita-davis,0.09375,5
alonso-duralde,0.010255338,1294
andrew-winter,0.125,6
courtney-e-smith,0.5,1
keva-york,0,3
elaine-lee,0.5625,5
amanda-adame,0.133414463,32
sandra-hall,0.258321763,601
david-medsker,0.851766693,360
brian-quinn,0,3
todd-mccarthy,0.095754684,1456
leonardo-faierman,0.000568867,22
calvin-wilson,0.14575395,450
seth-simons,0,1
lauren-williams,0,1
bill-brioux,0,3
alejandro-turdo,0.40625,10
piers-marchant,0.06253298,118
jacqui-blue,0.051765442,18
stephanie-archer,0.204589896,27
jesus-chavarria,0.125000723,61
cassam-looch,0.268311977,24
marykate-jasper,0,1
michael-upchurch,0.000503808,53
jeremy-smith,0.063476563,11
jeff-beck,0.849934672,684
jack-godwin,0,2
brianna-wellen,0.9375,5
jada-yuan,0.03125,6
andrew-todd,0.531494856,23
mike-scott,0.12503052,1076
barbara-vandenburgh,0.015701775,230
michael-heaton,0.651064533,147
ariel-scotti,0.004080296,21
laura-birnbaum,0,9
bethany-ao,0,1
dorothy-woodend,0.021608829,433
daniel-cairns,0.25,3
jonathan-stevenson,0.015625,6
brian-d-johnson,0.507028342,181
brian-tallerico,0.002084985,1610
maria-fernanda-mugica,0.390773088,28
nguyen-le,0.125,6
ruth-mcnally,0.5,1
jim-alexander,0.34580455,27
hugh-armitage,0.285644531,12
jose-martin,0.507954607,114
scout-tafoya,0.033308985,34
dl-mayfield,0,1
lori-berger,0.5,1
brian-grubb,0,1
kristen-lopez,0.000611397,105
nigel-watson,0.4375,5
andrew-marshall-16642,0.020754758,66
alysia-urrutia,0.021972656,11
david-stubbs,0,1
rashid-irani,0.766602532,172
eric-kohn,0.125045784,902
willa-paskin,0.562988281,12
ashley-moreno,0.004150391,16
clay-cane,0.562622101,286
jessica-oliva,8.34E-06,31
diana-metzger,0,2
josh-wigler,0,1
kristen-blush,0.5,1
matthew-turner,0.027862549,3763
sean-oneal,0.5078125,9
meg-watson,0.21875,9
chris-coffel,0,1
cj-prince,0.923828125,9
bobby-roberts,0.25,3
adam-chapman,0,4
jeremy-jahns,0.156860665,117
caspar-salmon,0,1
josh-kurp,0.03125,6
garry-mcconnachie,0.040100098,98
norm-gidney,0.082041387,38
john-robinson,0.5,1
gonzalo-hernandez-espinosa,0.1328125,7
enrique-solorzano,0,1
leilani-polk,0.75,2
george-simpson,0,6
nick-venable,0.40625,5
jenny-nixon,0.35546875,8
john-hartl,0.002090469,939
jeremy-carr,0,2
j-r-jones,0.257941321,2003
richard-von-busack,0.063080076,356
kate-lloyd,0.157714844,15
paul-whitington-15988,0.157227166,409
karl-quinn,0.125091553,15
latoya-ferguson,0,1
mark-daniell,3.81E-06,21
jason-bailey,0.000489235,1046
aurelie-godet,0.67578125,8
micha-boyett,0,1
stephen-schaefer,0.540681614,326
jenni-moore,0,5
june-thomas,0.03125,5
federico-chunga,0.125,3
scott-wold,0.765884534,31
joshua-dudley-19223,0.25,2
janire-zurbano,0.508345724,47
sophia-cowley,0.3125,7
arielle-bernstein,0,1
caroline-framke,0.01574707,14
mikael-wood,0.359375,6
hilary-a-white,0.05640829,242
joi-childs,0.074615479,18
rob-daniel,0.000611474,298
michael-idato,0.375,3
andrea-smith,0.5,1
charlie-oughton,0.43585968,17
philip-concannon,0.539062921,152
scott-weinberg,0.002991447,3159
tony-norman,0.250015259,17
emily-breen,0.233165274,33
mark-sanderson,0,2
sam-watermeier,0.019622872,61
fred-topel,0.016365528,1437
jordan-farley,0.250127324,74
tt-stern-enzi,0.000124369,199
matilda-dixon-smith,0.53125,6
israel-acosta-aroche,0.708750265,79
kaila-hale-stern,0.359375,6
maitland-mcdonagh,0.641296668,2744
boon-chan,0.024478101,122
ezequiel-boetti,0.548918432,51
maria-garcia,0.010439047,419
amber-dowling,0,2
tom-dawson,0.019634248,493
quim-casas,0.504150869,44
adrian-ruiz,0.750015305,146
matt-hoffman,0.281769875,31
adam-woodward,0.630117655,325
anna-brain,0,1
valerie-dunham,0.5,1
phil-villarreal,0.062570165,1854
jonathan-hatfull,0.500274897,139
chelsea-tatham,0.53125,6
jacob-hall,0.37512207,13
avi-offer,0.393472678,1572
anna-kopco,0.5,2
lauren-burgess,0,6
ellie-walker-arnott,0.001953125,11
lucy-hunter-johnson,0.5,1
peggy-truong,0,1
carrie-r-wheadon,0.092879793,35
chris-longo,0.5,1
an-wilson,0,1
vanessa-bogart,0.75,2
andrea-g-bermejo,0.267092936,92
sarah-gosling,0.5,1
edward-porter,0.039093047,443
jacob-oller,0.410196305,66
kevin-ritchie,0.283234119,25
tony-wong,0.011751175,22
dominik-kamalzadeh,0,2
harry-guerin,0.007812502,429
joseph-kyle,0,1
harry-windsor,0.027468682,30
aaron-yap,0.016611101,106
ross-miller,0.5,6
joel-mayward,0,2
erika-w-smith,0.265659885,47
kwame-opam,0.03125,6
owen-gleiberman,0.891680719,3524
poppy-jay-palmer,0.113304138,25
isobel-yeap,0.739257813,12
noel-murray,3.08E-05,1384
andres-oliva,0,1
kirk-baird,0.50391677,266
josh-spiegel-16191,0.222990067,60
kenneth-r-morefield,0.540290868,117
david-noh,0.387455468,1711
caitlin-penzeymoog,0.5,1
neil-soans,0.509341479,58
ben-westhoff,0.5,1
emmanuel-akitobi,0.5,2
terry-staunton,0.164333447,142
jack-bottomley,0.522110582,43
alyssa-rosenberg,0,1
eve-watling,0.3125,5
yvonne-condes,0.816772463,35
koraly-dimitriadis,0,1
tambay-obenson,0.5546875,12
tom-huddleston,0.128967285,687
diego-lerer,0.628546789,42
chandler-levack,0,2
benjamin-harguindey,0.035655976,90
jason-gorber,0.007823953,685
shannon-gormley,0,2
alexandra-hepworth,0.328125,6
michael-sauter,0.642031031,56
brad-gullickson,0.640625,6
bill-gibron,9.09E-13,1605
sasha-stone,0,10
lisa-jo-sagolla,0.816200256,18
fred-camper,0.000129819,47
andrew-billen,0,2
bob-mondello,0.007812507,389
jonathan-romney,0.004091205,551
clark-collis,0.255401911,88
dan-schindel,0.252151669,306
richard-brody,0.775268975,917
emily-bray,0.25,3
amy-glynn,0.021509245,28
scott-davis,0.34375,7
rupert-hawksley,0.59387207,14
miriam-bale,0.516972461,87
heather-wixson,0.750000149,366
alexander-nazaryan,0.0625,4
jarret-myer,0.5,1
anaid-ramirez,0.005859378,52
alejandro-g-calvo,0.250976861,30
sam-bathe,0.35165561,256
ronan-daly,0,3
russell-baillie,0.0019542,117
madhureeta-mukherjee,0.042325974,19
mark-allison,0,4
todd-gilchrist,0.787148068,886
deborah-young,0.994990852,379
mick-lasalle,0.007839929,2778
elizabeth-weitzman,0.191562433,1879
nick-allen,0.070541982,199
adam-lowes,0.504928828,58
nathan-lee,0.509773264,318
norm-schrager,0.156265259,343
andrew-webster,0,1
dan-jolin,0.046877058,206
lucy-popescu,0.062744141,12
nick-reilly,0.125,5
emily-yoshida,0.270508171,123
chris-hewitt,0.50195314,3867
toure,0,3
neeshita-nyayapati,0.771999359,19
elizabeth-zimmer,0.132461548,18
rebecca-pahle,0.062531472,200
gayle-macdonald,0.254732251,26
lisa-cam,0,1
jake-kring-schreifels,0.5625,4
meg-shields,0,3
eder-campuzano,0,3
joe-dziemianowicz,0.841798783,65
tom-glasson,0.187500004,238
jack-sargeant,0.578125,8
jose-teodoro,0.000307098,63
nicholas-barber,0.062839637,161
cathy-butler,0.1875,6
betty-jo-tucker,0.048483461,1025
alex-davidson,0,1
kylie-klein-nixon,0.5,1
icnitl-y-garcia,0,5
jessica-toomer,0,2
natalie-zutter,0.5,4
leor-galil,0.0625,5
matthew-rozsa,0.257813454,24
dan-gunderman,0.125,8
scott-marks,0.157215854,194
ed-cumming,0,1
joel-down,0,1
katie-walsh,0.269966188,610
jason-best,0.04736525,1163
david-yaffe,0,1
javier-porta-fouz,0.906746757,71
jim-judy,0.142609068,1856
dennis-perkins,0.375,5
peter-rainer,0.56347752,2328
joe-bendel,0.4379886,177
paul-casserly,0.00390625,11
jeff-reed,0,7
jose-c-donayre-guerrero,0.3125,4
gary-dowell,0.007813007,326
ian-waldron-mantgani,0.032036596,726
kristi-turnquist,0.011230469,12
andre-teh,0.171875,7
fraser-abe,0,2
katy-hayes,0.2109375,7
curt-wagner,0.4375,4
gabriela-helfet,0.625,4
kevin-p-sullivan,0.034179689,43
alberto-corona,0.469436646,18
amy-rowe,0.564453125,12
christopher-null,0.015870814,3918
paul-verhoeven-13960,0.312500238,24
manuel-pinon,0.000976563,13
carlota-mosegui,0.036007404,25
adam-dileo,0.8203125,8
joe-oconnell,0.229984283,18
vadim-rizov,0.134316211,312
tyler-carlsen,0.50390625,9
drew-taylor,0.008300915,168
hayden-mears,0.0625,6
ed-williamson,0.625004292,25
josh-terry,0.033447281,598
john-wirt,0.286194928,832
matthew-taylor,0,4
amy-ratcliffe,0.375,3
frank-lovece,0.015702724,566
haleigh-foutch,0.000549319,37
alec-bojalad,0,2
burl-burlingame,0.769873793,169
matt-wilstein,0,1
bill-arceneaux,0.383889198,22
glenn-kenny,0.894533411,1223
variety-staff,0.135751249,1782
dave-segal,0.25390625,10
joe-reid,0.062810987,57
gillian-branstetter,0,2
steve-crum,0.029441841,299
chris-hunneysett,0.125976742,35
ao-scott,0.501038078,2273
neil-miller,0.016122818,166
jaime-n-christley,0.578193702,353
brian-o-tiomain,0.5,7
bernard-boo,4.20E-05,60
murphy-kenefick,0.25,2
jonathan-holland,0.009659143,118
brad-oswald,0.156738281,11
xavi-sanchez-pons,0.344120951,46
travis-leamons,0,3
julian-wood,0.100708135,87
john-powers,0.063721022,139
oliver-jones,0.031502068,25
ed-gibbs,0.55078126,302
megan-basham,0.255178902,108
greg-cwik,0.002040863,23
clint-oconnor,0.878189666,537
jessica-mansfield,0.80078125,8
ed-power-16789,0.125492096,19
peter-travers,0.254028916,3018
tommy-cook,0.1875,6
audra-schroeder,0.040788174,23
danielle-white,0.000249952,27
aramide-tinubu,0.422121182,82
mitchel-broussard,0.1875,12
nell-minow,0.656260531,3759
jimmy-nsubuga,0.5,4
geoff-berkshire,0.009836197,904
dr-baker,0.875,4
andrew-collins,0.000336178,128
mauricio-munoz,0.3203125,9
julia-cooper,0.750003821,38
angie-han,0.046951592,74
benjamin-wang,0.25,18
jeffrey-overstreet,0.375977755,660
mauricio-nava,0.5,1
cameron-mcallister,0,3
gary-shannon,0.016113289,55
marilyn-ferdinand,0.53125,6
iain-mcnally,0.003480971,24
violet-lucca,0.187988372,121
lee-ashworth,0.25,4
elise-nakhnikian,0.110389791,155
robert-koehler,0.844825989,654
pablo-a-scholz,0.539508879,367
samantha-highfill,0,1
beth-elderkin,0,1
craig-williams,0,7
kayla-kumari-upadhyaya,0.1875,4
manu-arguelles,0,1
erik-childress,0.782859805,1197
lee-marshall,0.000259409,186
terri-schwartz,0.507953644,19
matt-cohen-18843,0,6
jennifer-lynde-barker,0,2
matt-fowler,0.392645122,32
vicki-hyman,0,5
joshua-alston,0.328125,6
david-aldridge,0.063009522,198
jessica-shaw,0.5,2
scott-foundas,1.93E-06,1037
deborah-krieger,0.039161682,22
manuel-betancourt,0.25,5
josh-howey,0.625,5
irene-crespo,0.568863213,44
tara-thorne,0.191483747,156
anna-smith,0.06457901,584
shirley-sealy,0.531799913,240
david-hinckley,0.079010519,77
willie-waffle,0.055176214,1585
katarina-brown,0,2
nick-de-semlyen,0.532257096,120
lea-palmieri,0.489105225,16
sarah-cullen,0.438354492,13
chloe-schama,0,3
russell-brandom,0,1
aparita-bhandari,0.5,1
steve-wright,0.078521729,17
josh-sorokach,0,4
sarah-kent,0.0625,5
zachary-doiron,0.06447652,25
rob-gonsalves,0.548894914,1623
steve-davis,0.009399429,486
ken-mcintyre,0.02355963,126
katharine-trendacosta,0.25,4
peter-turner,0.375015739,54
fausto-fernandez,0.138903497,36
jerilyn-jordan,0,2
nick-schager,9.21E-05,3387
hugo-rifkind,0.5,1
nico-lang,0.226627395,34
frank-scheck,0.253936949,1512
neil-young,0.018315282,2490
steve-pond,0.547151566,40
evan-kindley,0.25,2
john-wenzel,0.063537598,18
joe-gross,0.09570415,215
chris-evangelista,8.63E-06,61
jeff-simon,0.141235773,164
e-stephen-burnett,0.5,3
rebecca-tucker,0.125,7
ryan-stewart,0.742202759,55
juliette-cottu,0,3
rick-kisonak,0.208993971,482
kate-leaver,0.5,1
alan-sepinwall,0.598266602,23
daryl-macdonald,0.5,1
joanna-langfield,0.26563275,438
alistair-ryder,0.626954109,130
ryan-morris,0.457033169,34
thaddeus-mccollum,0.546936035,15
josh-larsen,0.500732422,2134
kristen-oneal,0,4
matthew-byrd,0,2
devika-girish,0,4
tyler-christian,0,7
mike-mazzanti,0.254272461,14
aodhan-gregory,0,1
stephen-farber,0.027649358,397
phil-nobile-jr,0.001991272,18
marissa-martinelli,0.75,2
crystal-sparrow,0.25,2
beth-accomando,6.11E-05,652
simi-horwitz,0.157350555,143
kieran-fisher,0.28125,5
aoife-oceallachain-20701,0,2
natalia-trzenko,0.890625,13
yonca-talu,0.765869141,13
greg-klymkiw,0.250841593,30
david-zurawik,0.376953125,10
rene-rodriguez,0.523454498,1766
mary-wang,0.5,2
james-dyer,0.001130854,37
jason-di-rosso,0.563057306,316
jonathan-l-fischer,0,8
dominic-ellis,0.640625,10
robert-roten,0.004913349,2941
carla-meyer,0.7700205,787
josh-cabrita,0.316409976,108
matt-roush,0.072281037,42
stephen-porzio,0.254120904,41
stephen-dalton,0.000855603,193
abby-olcese,0.500030598,106
margaret-lyons,0.2578125,9
meher-manda,0,1
chuck-bowen,0.063155282,590
megan-pugh,0,1
cath-clarke,6.21E-06,474
sarah-boslaugh,0.56447697,780
michelle-jaworski,0,5
sunayana-suresh,0.957836151,18
ryan-porter,0.25,17
doreen-st-felix,0.125,3
michael-lee-18858,0.375,16
isabella-biedenharn,0.375,4
steph-cozza,0.125036761,81
jordan-raup,0.017105408,155
keith-watson,0,1
elizabeth-rayne,0.5,1
jesse-cataldo,0.260931805,179
keith-uhlich,0.563345564,1081
brian-gibson,0.064732138,754
john-petkovic,0.013916016,14
andrea-gronvall,0.78624344,454
alex-shephard,0,3
jack-rushall,0.729492188,10
james-whitbrook,0.5,1
nicole-villalpando,0.333984375,9
elijah-taylor,0,1
megan-burbank,0.378922123,43
steve-newall,5.34E-05,171
tom-bond,0.046875,10
gerard-casau,0.158203125,12
mathew-dekinder,0.531494172,399
david-jenkins,0.025665939,1109
steve-newton,0.251022593,357
todd-vanderwerff,0.503937366,125
mal-vincent,0.001984015,138
alberto-saez-villarino,0.008836806,88
jimmyo,0.258801943,419
james-slaymaker,0,1
joyce-slaton,0.455186665,74
al-hoff,0.00100708,212
diana-sanchez-uranga,0.000429453,30
priscilla-page,0,2
anna-wesche,0,1
shauna-fox,0.0625,4
jonah-jeng,0.75,8
paul-eksteen,0.99609375,9
adam-thirlwell,0.5,1
louise-keller,0.000126013,1604
evan-romano,0,1
debbi-snook,0,1
barry-paris,0.141611235,91
juan-carlos-berner,0.500681945,32
juan-roures-rego,0.5,2
brandon-judell,0.781250075,590
dov-kornits,0.127050944,29
zoe-hewitt,0.515625,6
javier-cortijo,0.750184536,22
jackie-k-cooper,0.535832453,1204
ryan-pollard,0.269596142,37
kanin-srimaneekulroj,0.500061512,44
sara-stewart,0.001472712,560
bindu-rai,0.0625,4
vikram-johri,0.5,1
hamish-macbain,0.1640625,9
luke-parker,0,3
suzette-smith,0.15625,5
alicia-lutes,0.015625,6
evan-read-armstrong,0.25,2
amyana-bartley,0.813476563,10
robert-ham,0,8
james-kendrick,0.254760803,2542
alejandro-veciana,0.25,3
teddy-durgin,0.125702442,242
sesali-bowen,0.020515442,20
clayton-purdom,0,1
gwen-ihnat,0.625,5
nick-james,0.000618935,25
jon-caramanica,0.028869629,14
melanie-mcfarland,0.265877257,62
derrick-rossignol-18644,0.5,1
priyanka-sundar,0.261154175,18
dan-hudak,0.65625,14
lisa-nesselson,0.031746152,196
linda-marric,0.002929928,79
fred-kaplan,0.75,3
martin-knelman,0,5
clarisse-loughrey,0.017600074,29
olive-pometsey,0,1
justin-stewart,0.629639417,43
jude-dry,0.597658492,49
jenny-feniak,0,7
bojana-duric,0.5,1
rick-bentley,0.262502713,471
martin-unsworth,0.080532968,24
shyama-krishna-kumar,0.28155899,24
sheila-omalley,0.064460754,273
tim-grierson,0.076233089,1244
john-noonan,0.426620555,155
emilly-prado,0.25,2
alistair-harkness,0.379436974,1237
christopher-gray,0.178337382,146
tom-russo,0.156418326,330
aisha-harris,0.424804688,21
juan-jose-ontiveros,0.5,2
david-kaplan,0.071365837,913
steve-heisler,0.5078125,7
courteney-tan,0.625,4
jack-gracie,0,1
jim-schembri,0.008127156,1448
alejandro-lingenti,0.153381348,16
leah-greenblatt,0.007812649,211
duncan-gray,0,3
hunter-lanier,0.5,2
henry-fitzherbert,0.035797883,843
rex-roberts,0.078193855,220
lauren-ocallaghan,0,2
meredith-borders,7.65E-06,151
phil-coldiron,0.033233643,18
russ-fischer,0.000305891,53
guy-lodge,0.304966034,617
christopher-orr,1.20E-06,396
liam-dunn,0.414078712,24
greg-maki,0.034790039,590
miriam-di-nunzio,0.630863205,28
kiko-martinez,0.000316621,166
scott-varnham,0.5,2
steve-rose,0.003906816,122
pierre-kapitaniak,0.000976563,10
stefan-kyriazis,0.5,6
jeff-jensen,0.5,5
nicolette-lennox,0.5,2
isabel-stevens,0.00012207,22
alexandra-neill,0,1
kristian-m-lin,0.125275613,341
fionnuala-halligan,0.251953336,286
matthew-gilbert,0.267643884,43
john-byrne,0.125633481,38
angelo-muredda,0.531446549,40
naveen-kumar,0.5,1
christopher-hooton,0.123046875,21
daudi-abe,0,1
maria-vultaggio,0.80078125,9
will-ashton,0.062534333,66
matt-donnelly,0.375,5
josefina-sartora,0.015625,6
chris-longridge,0.25,2
molly-eichel,4.55E-12,87
michael-dequina,0.172955351,2706
john-hazelton,0.527656598,195
carlos-soto-campos,0,1
kaori-shoji,0.008796871,96
kumar-shyam,0,2
matthew-lickona,0.265750053,559
emily-kelly,0,1
valeriy-kolyadych,0.28125,14
anton-bitel,0.476724962,2581
liz-shannon-miller,0.125,5
april-mcintyre,0.25,2
lisa-rosman,0.02175928,177
ben-pearson,0,4
niall-mcardle,0.5,6
mae-abdulbaki,0.019927979,17
jake-pitre,0,2
pat-padua-17819,0.015993605,60
samit-sarkar,0,2
benjamin-rabinovich,0.03125,7
david-mad-dog-bradley,0.062515259,451
alex-leadbeater,0.156265391,108
josh-bell,0.033463493,1727
yohana-desta,0,3
sam-ashurst,0.09375,5
josef-braun,0.250493079,107
gary-goldstein,0.149706841,1091
bill-newcott,0.282489577,157
tara-martinez,0.5,3
jack-giroux,0.103521378,157
marc-mohan,0.062989477,979
amy-wolfe,0.281250954,21
nathalie-atkinson,0.26691103,103
gonzalo-lira-galvan,0.01586932,113
dennis-harvey,0.548340837,1113
laura-delaney,0.007812507,32
sam-fragoso,0.141189702,118
joseph-gamp,0.5,1
sukhdev-sandhu,0.066408172,352
blair-marnell,0.6875,7
hari-raj,0.25,3
tom-shone,0.156738997,105
ben-croll,0.025530815,50
abigail-jones,0,1
m-suganth,0.465604987,37
kenji-fujishima,0.004028529,389
leah-pickett,0.035157741,153
thelma-adams,0.00113237,152
alison-gillmor,0.008798123,126
glenn-garvin,0.149688721,15
rachel-marie-stone,0.5,1
james-b-evans,0.291381836,13
ailbhe-oreilly,0,3
m-faust,0.133479372,351
brent-mcknight,0.009888209,74
mark-kermode,8.88E-16,922
anna-greer,0,2
musanna-ahmed,0.253936768,18
scott-henderson,0.263671875,13
jd-gillam,0.28125,5
vanessa-h-larson,0.546875,8
rich-cross,0.67199707,14
manon-de-reeper,0.875,4
trent-wilkie,0.25,5
robert-yaniz-jr,0.148937256,46
kelley-dong,0,3
theo-schear,0,3
danilo-castro,0,1
rodney-ho,0,1
james-white,0.816658139,110
andre-meadows-20907,0.007812508,127
sophia-nguyen,0,3
tom-keogh,0.512779535,758
joshua-yehl,0.751953125,9
ashley-clark,0.312747955,75
kent-jones,0.19140625,13
william-r-clark,0,1
chris-morgan,0.125,4
alex-osborn,0.5,2
joanna-robinson,0.03125,13
danny-minton,1.85E-05,417
lovia-gyarkye,0,2
jo-anne-rowney,0.5,3
michael-burgin,0.033721985,37
david-hughes,2.87E-06,134
tcha-dunlevy,0.313621589,199
carol-midgley,0.65625,5
sonny-bunch,0.269555644,455
kayla-marie,0,1
simon-gallagher,0.072268021,60
michael-sragow,0.02734396,990
andrew-dignan,0.688511645,82
cian-geoghegan,0,1
keeva-stratton,0.15649426,98
arturo-magana,0.172042853,39
arantxa-luna,0.2890625,8
william-venegas,0.01770367,66
jessica-jernigan,0.875,3
jonathan-pile,0.125259505,39
angel-quintana,0.094742352,65
jared-mobarak,0.627510108,428
bryonna-mention,0,1
uri-klein,0.146004143,144
natalia-winkelman,0.001220703,13
travis-hopson,0.12500096,951
gene-seymour,0.368195176,743
mel-campbell,0.364002466,41
jacqueline-coley,0.015663147,17
luis-resendiz,0,3
paul-farren,0.25,7
max-cea,0.0625,11
harry-siegel,0,1
robert-rorke,0.0625,4
rebecca-berfanger,0.5,1
imogen-sara-smith,0,1
kaitlyn-schiess,0.5,1
richard-whittaker,0.57522586,71
alan-pergament,0,1
damien-straker,0.865236318,236
nicole-herrington,0.004770339,35
jason-ooi,0.222808838,15
mark-jackson,0.023682119,233
adi-robertson,0.432495117,17
juanma-fernandez-paris,0.625618547,36
mark-a-perigard,0.257204298,31
brian-roan,0.062809082,36
ben-skipper,0.109375,20
karl-puschmann,0,4
randy-shulman,0.008102448,169
zachary-kennedy,0.08203125,9
claire-mcnear,0.5,2
david-darcy,0.516633467,202
anne-t-donahue,0.0625,5
filipe-freitas,0.095718458,58
simon-thompson,0.065680244,82
charles-gant,0.079101575,112
sandy-cohen,0.062653184,59
simran-hans,0.531809956,167
ethan-leung,0,3
jm-suarez-15400,0.125,3
steve-biodrowski,0.348145729,492
jay-stone,0.15631129,445
ciara-dolan,0.207092285,15
peter-canavese,4.75E-10,2260
matthew-goudreau,0.750396729,27
matt-singer,0.000336681,513
jane-crowther,0.457227104,90
aarti-jhurani,0.517578125,12
kai-perrignon,0.5,1
robert-denerstein,0.078384697,1796
marie-asner,0.136741639,82
julia-alexander,0.250046257,40
michael-pementel,0,2
linda-barnard,0.100160837,723
naman-ramachandran,0.125,6
anisha-jhaveri,0.753909111,20
philip-kemp,0.062747957,254
roxana-hadadi,0.262578965,211
marc-bernardin,0.20703125,12
michael-gingold,0.875244142,31
sebastian-zavala-kahn,0.51143332,288
lee-jutton,0.287109852,39
mark-sommer,0.380162239,31
sarah-jasmine-montgomery,0.5,1
zoey-peresman,0,1
alexis-nedd,0,1
allison-keene,0.25,3
jon-lyus,0.254151383,193
rachel-heine,0,1
megan-farokhmanesh,0.5,3
emma-jones,0.125,5
jonathon-dornbush,0.75,3
ally-wybrew,0.625,3
jeannette-catsoulis,0.812639237,1503
pauline-adamek,0.314010628,32
angelica-jade-bastien,0.015777588,16
marjorie-baumgarten,0.024414063,2540
joshua-axelrod,0,2
maricar-estrella,0.500978533,34
hannah-mcgill,0.125495972,160
s-jhoanna-robledo,0.031983856,912
neil-genzlinger,0.390663352,665
brad-newsome,0.3203125,8
david-wiegand,0.039755829,181
daniel-goldberg,0.75,3
matt-roden,0.165039063,10
billy-nilles,0,1
emily-l-stephens,0,1
matt-neal,0.09375193,453
carla-wintersgill,0.5,1
dom-sinacola,0.031311035,37
scott-chitwood,0.502941267,257
shilpa-jamkhandikar,0.005862236,212
carlos-jesus-gonzalez,0.515625,14
carmen-gray,0.010025084,53
phoebe-chen,0.53125,6
dana-barbuto,0.01562501,159
gavia-baker-whitelaw,0.001589784,37
sean-nelson,0.51173687,30
jessica-baxter,0.02640526,84
mack-rawden,0.75,8
gary-garrison,0.125253202,44
jamie-righetti,0.125,9
eric-eisenberg,0.376953603,193
vinayakk-mohanarangan,0.5,1
tony-medley,0.039536953,1496
max-covill,0,3
henry-barnes,0.072273493,172
sean-k-cureton,0.133560181,21
chetna-kapoor,0,1
andrew-barker,0.250130922,291
david-martindale,0.90234375,10
kong-rithdee,0.390625418,184
eric-joseph,0.125,6
daniel-m-kimmel,0.41430983,1667
juliana-rasul,0,4
mark-demetrius,0.040823018,126
donald-clarke,0.004906714,838
gloria-daniels-moss,0.625488281,11
carl-kozlowski,0.283692496,63
elina-alter,0.032226563,10
jason-zinoman,0.375,13
sean-ogrady,0.484375,6
rohan-naahar,0.125245603,161
gary-thompson,0.62500301,2257
scott-tobias,0.507845998,1458
ellen-murray,0.000980396,32
mark-ellis,0.532753117,313
jordi-costa,0.078650599,215
lucy-obrien,0.126602173,16
lauren-humphries-brooks,0.011779867,35
jonathan-barkan,0.01745816,45
alexander-zalben,0.5,1
michael-walsh,0.75,2
nathanael-hood,0.337954082,171
mark-schilling,0.465243921,94
john-townsend,0.082306397,40
ella-taylor,0.285217289,1138
susan-granger,0.250007868,3119
daniella-shreir,0,1
tim-goodman,0.284362793,16
matt-patches,0.105591297,324
joe-blessing,0.5,4
robinson-meyer,0,1
gwilym-mumford,0.625980377,18
christine-friar,0,1
carlos-rgo,0,3
chloe-walker,0.157556786,64
rob-harvilla,0.5,3
russ-frushtick,0.5,2
justin-burke,0,2
jessi-cape,0.5234375,7
trevor-johnston,4.81E-07,844
richard-godwin,0.25,4
gerard-odonovan,0.25,3
jamie-neish,0.000289978,52
johnny-oleksinski,0.012735546,29
jordan-hoffman,0.002441425,1200
tara-brady,0.015778246,697
walter-chaw,0.319246355,2258
ernesto-diezmartinez,0.126972227,383
vesper-arnett,0,5
garrett-martin,0.5,2
murray-whyte,0.25,7
daniel-kurland,0.5,1
ethan-alter,0.062686273,1442
shingai-darangwa,0.0625,4
edmund-lee,0.221761489,229
tristan-kneschke,0,1
grant-rollings,0.000128766,142
robert-w-butler,0.257831577,1597
aakash-karkare,0.4427519,35
catalina-combs,0,1
christopher-schobert,0.009766609,86
devra-first,0,1
charles-pulliam-moore,0,1
amber-wilkinson,0.283144012,1086
matthew-st-clair,0,5
rachel-ray,0,2
megan-moffat,0.0078125,7
pete-hammond,0.001988591,1091
carlos-boyero,0.801334069,87
kim-newman,0.016395664,777
hunter-harris,0,3
victoria-alexander,0.040108708,1079
chris-plante,0.000488281,16
andrew-simpson,0.132846922,37
richard-lawson,0.125988483,231
jesse-hassenger,0.125587556,600
benjamin-lee,0.75782207,124
iquo-b-essien,0.865234375,9
michelle-da-silva,0.051994324,18
diane-werts,0.091796875,10
hannah-brown,3.24E-05,178
sean-burns,0.253418954,1489
jean-bentley,0.25,2
sharon-eberson,0.03125,6
verne-gay,0.016357483,61
dana-alston,0,1
steven-mears,0.795898438,13
sean-p-means,0.008300783,2762
gavin-jasper,0,1
kevin-fallon,0.2973634,24
julio-velez,0.172851563,12
tom-crowley,0.15625,6
roger-clarke,0,10
emily-ashby,0.843535088,103
daniel-green,0.89453125,11
tom-clift,0.285348893,288
wade-major,0.000130421,459
megan-garber,0.262237549,18
lamorna-ash,0,3
eli-glasner-20431,0.250038267,44
ruben-romero-santos,0.094728738,25
daniel-gelb,0.125001043,89
julia-raeside,0.25,4
lenika-cruz,0.125247955,24
edu-galan,0.087402344,11
shubha-shetty-saha,0.664801409,93
andy-psyllides,0.000153065,57
kylie-maslen,0,1
matt-keil,0,1
henry-northmore,0.637023949,59
isaac-feldberg,0.375755564,123
rich-smith,0.578125,9
alan-corr,0.262033645,56
caitlin-quinlan,0.5,3
simon-miraudo,0.023441318,1018
lisa-kennedy,0.066408649,1191
sean-axmaker,0.093752995,2713
nagarjuna-rao,0.09375,6
adrian-carande,0.3125,4
ryan-gilbey,0.758752853,389
david-griffin,0.65625,5
suchin-mehrotra,0.25,2
paul-parcellin,0.319335938,11
kevin-maher,0.048860552,701
pauline-bock,0,1
christian-toto,0.197899472,1018
matthew-norman,0.008087277,38
erik-pedersen,0,3
dustin-rowles,0,2
kayti-burt,0.003417969,11
tony-macklin,0.195322118,646
betsy-sherman,0.134782793,135
alonso-diaz-de-la-vega,0.078125239,79
jim-vorel,0.004152298,35
daniel-de-partearroyo,0.75636673,113
liz-braun,0.035400868,1687
zach-middleton,0.523454189,21
garth-franklin,0.063232675,701
olly-richards,0.00097704,184
stephanie-merry,0.504150644,451
sophie-monks-kaufman,0.156387575,236
sam-adams,0.289085651,547
michael-sicinski,0.504761139,94
lynden-barber,0.062507631,83
mike-dangelo,0.93945314,826
jenna-scherer,0.75,12
ron-wilkinson,0.500007741,931
nazareno-brega,0.009048479,34
nate-fisher,0.875,3
naomi-chainey,0,1
zach-rausnitz,0.375,3
perri-nemiroff,0.133369484,464
brigit-grant,0.471487064,65
ela-bittencourt,0.252807618,31
andrea-chase,0.062500007,1562
lasyapriya-sundaram,0,9
susan-wloszczyna,0.007813931,470
tim-cogshell,0.563302338,412
peg-aloi,0.0234375,125
christopher-small,0.25,2
michael-koresky,4.77E-06,37
charlotte-heathcote,0,1
les-chappell,0.25,2
daniel-palmer,0,9
jen-aswad,0.5,1
joi-childs-and-caron-lenoir,0,1
jeffrey-m-anderson,0.300802296,5736
katherine-mclaughlin,0.258790493,279
sarah-mcintyre,0.032485979,37
radheyan-simonpillai,0.833984457,558
nick-hasted,0.007935562,73
nick-dent,0.129398484,179
rob-owen,0.189703689,42
leigh-monson,0.524963379,22
ben-sin,0.015884429,33
elena-razlogova,0.062545776,19
e-oliver-whitney,0.250066594,81
jenni-miller,0.000366747,76
jorge-rivera-rubio,0.034255981,20
jenny-nulf,0.125,5
boyd-van-hoeij,0.657007743,821
taylor-antrim,0,8
katy-waldman,0.203125,6
luke-hicks,0,2
martha-k-baker,0.504150394,115
charles-ealy,0.082169557,192
rachel-bowles,0.189702469,30
r-mitchell-miller,0.5625,5
andy-webster,0.783447326,426
alan-zilberman,0.26616025,123
hannah-lynn,0.25,3
peter-lawrence-kane,0,3
luis-gamboa,0.5,7
benjamin-h-smith,0.537904739,20
stephan-boissonneault,0.3828125,10
loretta-goff,0.953125,9
nandini-ramnath,0.28149543,357
martin-tsai,0.115320314,483
jose-felipe-coria,0.5,4
michael-arbeiter,0.000313045,89
andrea-picard,0.062011719,11
neal-justin,0.0546875,8
frazier-moore,0,4
rosie-knight,0.75,2
david-keyes,0.064605716,967
charles-mudede,0.062523381,34
felicity-campbell,0,1
oliver-sava,0.5,1
anthony-kaufman,0.078132879,90
matt-hanson,0.5,3
david-n-butterworth,0.375492603,876
duane-byrge,0.0312503,238
henry-k-miller,0.531494141,12
ruben-peralta-rigaud,0.093770981,48
ed-potton,0.535165906,175
eleanor-mcsherry,0.25,2
aaron-riccio,0,4
phil-brown,0.062993795,27
arturo-aguilar,0.265686035,45
alejandra-jarillo,0,2
anna-storm,0.687504,55
alex-ramon,0.05762291,19
dan-casey,0.006963521,29
merrill-barr,0,1
gav-murphy,0,2
betsy-bozdech,0.062596322,98
david-clack,0.03125,12
fernanda-solorzano,0.062501908,104
mikel-zorrilla,0.552990009,291
sarah-sahagian,0.5,1
michael-hogan,0,4
armond-white,0.487934634,794
kelly-vance,0.017608764,1449
cole-smithey,0.013033489,2604
darren-ruecker,0.503992087,38
laura-demarco,0.265644082,64
amirah-mercer,0,1
jason-newman,0.8203125,8
greg-bruce,0,1
kevin-mclenithan,0.5,2
rebecca-addison,0,7
dann-gire,0.016115666,700
marlow-stern,0.64097624,98
john-bonazzo,0,1
diana-dabrowska,0.156433105,14
joseph-aberl,0,3
udita-jhunjhunwala,0.518196106,101
conrad-doucette,0,3
casey-cipriani,0.07043457,18
robert-evers,0,4
joshua-starnes,0.000977279,558
sean-t-collins,0,1
ethan-anderton,0,3
santiago-bardotti,0,2
matt-prigge,0.218780518,1093
edward-havens,0.144662211,264
stephen-carty,0.626224531,99
kristian-harloff,0.532714918,299
cian-traynor,0,2
ray-rahman,0.5,3
matt-joseph,0.031577619,64
hugo-maguey,0.125,5
nicolas-rapold,0.675781253,621
colin-covert,0.252944946,2804
paul-m-bradshaw,0.379034382,94
catherine-pearson,0,4
ezequiel-obregon,0.956111908,18
matt-fagerholm,0.500557425,41
dan-marcus,0.75,3
rachel-saltz,0.820698861,209
mauricio-gonzalez-lara,0,1
eileen-jones,0.893185856,48
elisenda-n-frisach,0.375,4
matt-donato,0.500061035,936
siena-yates,0.54296875,8
irene-hsu,0.5,1
ali-arikan,0,8
sam-byford,0,1
ellen-e-jones,0.129273903,65
jade-budowski,0.266603559,32
al-alexander,6.15E-08,627
danette-chavez,0,5
edward-johnson-ott,0.00744629,586
pamela-pianezza,0.7578125,9
brandon-katz,0.5,1
juan-cruz-bergondi,0,1
jagdeesh-mann,0,1
janice-page,0.521486672,189
chris-harvey,0,2
graeme-blundell,0.25,2
dan-webster,0.439453129,144
clayton-davis,0.150402069,212
kurt-loder,0.250977278,1084
carlos-losilla,0.664392173,29
ira-franco,0.081085209,48
aja-romano,0.002456665,19
jasmine-ballew,0,1
jose-luis-forte,0.125,5
lucy-randall,0.5,1
marc-walkow,0,1
geoffrey-obrien,0,16
pamela-jahn,0.019662976,57
kirk-honeycutt,0.255862352,1828
sierra-bilton,0,2
mark-hughes,0.170417823,140
rory-oconnor,0.314455037,63
alex-arabian,0.812866212,55
javier-h-estrada,0.0625,6
tim-martain,0.188972,280
jeffrey-edalatpour,0.125000756,96
zeenia-baria,0.334472656,11
james-greenberg,0.503909231,81
jessica-kiang,0.442339004,408
chris-osterndorf,0.01171875,10
steve-erickson,0.750494252,350
sophie-gilbert,0.000796324,47
sam-c-mac,0.698344535,49
greg-dolgopolov,0.375,4
alex-godfrey,0.015625,6
brian-welk,0.26171875,8
david-bianculli,0.133333206,20
janelle-okwodu,0,3
melissa-camacho,0.733309126,29
rachel-chan,0.592285156,13
emily-zemler,0,1
mark-jenkins,0.162109615,583
raphael-abraham,0.265632697,34
montse-reyes,0,1
greg-kot,0.3125,4
brian-formo,0.628913889,137
eric-goldman,0.046940865,59
delia-harrington,0.5,1
leonard-maltin,0.376968388,806
william-bibbiani,0.132901192,657
cristina-moreno,0,1
kaitlyn-tiffany,0.016967773,13
daniel-seddon,0,1
jonathan-dean,0.079150802,61
rodrigo-perez,0.125259399,246
samantha-ladwig,0,17
kyle-turner,0.375626182,44
timothy-e-raw,0.0703125,7
talia-soghomonian,0.041992188,10
leonardo-goi,0.3046875,9
david-ehrenstein,0.375986338,62
charles-solomon,0.328613451,86
patrick-kolan,0.287246704,86
eddie-strait,0.035244793,27
amelia-navascues,0.062992096,21
joelle-monique,0,1
hilton-als,0.5,2
blake-goble,0.005892897,167
robert-bianco,0.349701881,26
tim-robey,0.531738282,1465
alejandro-aleman,0.007812502,112
vinay-menon,0,1
kyle-anderson-17618,0.066414952,112
rolando-gallego,0.642639697,33
kahron-spearman,0.034545898,17
julie-hinds,0.101869226,44
ben-kenigsberg,0.062562786,934
godfrey-cheshire,0.000488289,204
brendan-kelly,0.88762665,84
ben-nicholson,0.126465806,83
don-kaplan,0,1
alan-cerny,7.69E-06,73
joseph-falcone,0,8
aa-dowd,0.035339371,615
nina-metz,0.125,3
bill-stamets,0.010254418,227
mike-cecchini,0.145477295,15
sophie-mayer,0,13
max-weiss,3.10E-05,183
hannah-rose,0,1
keri-lumm,0.75,2
laurence-boyce,0.17264379,71
bill-clark,0.040557872,551
daniel-walber,0.015630247,139
john-fink,0.351688743,317
petra-halbur,0,2
abraham-riesman,0,1
david-poland,0.689667448,316
ray-greene,0.076539907,192
david-parkinson,0.509887703,1233
kate-muir,0.18750823,760
maura-johnston,0,1
juan-jose-beteta,0.25,4
simon-brew-19399,0,2
johanna-schneller,0.255065918,38
serena-donadoni,0.256109782,213
paul-chambers,0.023498893,650
ignatiy-vishnevetsky,0.250871348,774
jay-kuehner,0.753910543,35
demetrios-matheou,0.004028329,78
jonathan-edwards,0.5234375,10
mario-alegre,0.002452873,41
arianna-davis,0.015625,7
lewis-knight,0,1
john-beifuss,0.12567197,2620
patrick-gomez,0.5,1
elizabeth-adetula,0.625,3
alberto-bermejo,0.195350838,66
arya-ur,0.25,2
nick-romano,0.125,24
mary-angela-rowe,0.019927979,19
frank-wilkins,0.286384583,287
steven-hsieh,0,1
toba-singer,0.75,10
lauren-jernigan,0.5,1
anwen-crawford,0.011186123,45
tal-rosenberg,0.2344184,27
laura-emerick,0,6
tom-augustine,0.5,1
chris-newbould,0.344002247,73
clarence-tsui,0.425951113,68
nigel-andrews,0.566467304,1616
jorge-ivan-morales,0.094182968,23
martin-dunphy,0,6
hugo-lara,0.250976625,51
mike-usinger,0.119384766,12
catherine-bray,0.158813739,272
felipe-tapia,0.029296927,28
emily-yahr,0,1
sarah-dobbs,0.008800745,24
evan-rodriguez,0.01739502,16
austin-trunick,0.12989147,338
bob-strauss,0.049591139,1374
jonathan-rosenbaum,0.906404504,1631
tim-brayton,0.313110353,2945
brian-donaldson,0.296875,6
april-wolfe,0.063486338,155
jo-anne-titmarsh,0.907241822,105
aloma-rodriguez,0,2
toni-vall,0.188636929,26
kyle-kohner,0.0078125,7
ken-tucker,0.004212397,97
katie-rife,0.625000238,157
chris-tilly,0.002045439,132
adam-lee-davies,0.015817777,81
carl-wilson,0.375,3
edgardo-resendiz,0.047851648,163
mark-peranson,0.266284943,30
sarah-marshall,0,1
tansy-gardam,0,5
brian-lowry,0.084045858,390
gillian-anderson,0.5,2
kerry-lengel,0.771263428,217
gail-pennington,0.477871954,40
tufayel-ahmed,0,7
alexis-loinaz,0.6572613,119
claire-langlais,0.25,3
simon-reynolds,0.535158165,362
dominick-suzanne-mayer-16665,0.626953244,193
randy-schiff,0,3
jon-niccum,0.062874273,568
gianna-folz,0,1
eliza-c-thompson,0.715156555,20
victoria-segal,0.000557913,30
yasmin-kleinbart,0.00390625,53
dorothy-rabinowitz,0.595765591,22
josh-modell,0.035407574,32
sarah-deen,0,3
pamela-hutchinson,0,7
diane-carson,0.291017562,159
lauren-hoffman,0.125,3
ben-travers,0.06451416,20
anne-cohen,4.10E-08,29
dan-sullivan,0.046875,15
brian-thompson,0.015627861,28
susan-g-cole,0.514175499,169
sean-orourke-20470,0.5,2
travis-johnson,0.251222963,155
peter-galvin,0.127334841,122
michelle-orange,0.017578634,622
brian-marks,0.25,2
walter-v-addiego,0.875019078,652
lynnette-porter,0,1
lindsey-bahr,0.035156489,167
caryn-james,0.008911252,322
rich-heldenfels,0.062997373,91
dana-villamagna,0.5,2
anthony-kirby,0,1
simon-houpt,0.442385347,32
christian-lorentzen,0.259765625,12
shannon-m-houston,0.096928233,41
steven-rea,0.502931626,2099
garret-castleberry,0.5,1
david-ehrlich,0.005249083,571
brian-lynch,0.28125,5
tricia-olszewski,0.066940368,632
k-austin-collins,0.000488408,109
charles-taylor,0.603762538,372
g-allen-johnson,0.160775666,388
chase-burns,0,3
george-wu,0.099102907,110
chris-stuckmann,0.557622049,170
paul-risker,0.06640625,9
evan-narcisse,0.008789063,11
michael-a-smith,0.000520134,690
doris-toumarkine,0.296910291,858
michael-pattison,0.79600597,59
roe-mcdermott,0.805695535,194
jef-rouner,0,2
ty-cooper,0.000492096,22
elinor-jones,0.250494003,20
juan-pablo-russo,0.42820815,27
meredith-goldstein,0.5,3
guido-pellegrini,0.5,2
dan-caffrey,1.91E-05,20
mark-kennedy,0.010278008,38
harriet-fitch-little,0.25,2
shane-ryan,0.53125,5
alexis-okeowo,0,1
jeremy-heilman,0.048016259,929
rebecca-murray,0.265749015,842
adam-cook,0.906257629,20
nigel-m-smith,0.515818119,79
chuck-wilson,0.502014262,453
dawn-burkes,0.71875,6
damon-wise,0.187660279,301
alice-murray,0.267578125,9
wendy-ide,0.256962744,1267
mary-oconnor,0.09375,6
patti-greco,0.875,5
victoria-russell,0,3
frank-swietek,0.000244201,4811
sam-weisberg,0.091936115,77
allen-salkin,0.510745212,30
simon-abrams,0.208149501,629
leslie-felperin,0.125122193,702
luis-caviaro,0.125,6
ella-donald,0,1
cady-lang,0,1
giovanni-marchini-camia,0.127972603,66
james-plath,0.07031259,691
kurt-jacobsen,0.5,2
albert-williams,0.001953125,9
vicky-roach,0.500244626,311
justin-gerber,0.576171875,67
alachia-queen,0.669942856,21
claudia-bauer,0.5,5
jaime-fa-de-lucas,0.835925655,37
mel-evans,0.5,1
george-sully,0.0625,6
daniel-daddario-17100,0.312789917,16
charmaine-soh,0.001853943,17
glenn-gamboa,0.072265625,9
pilar-ayuso,0.250000011,47
eric-hynes,0.130047084,236
amanda-mazzillo,0.15826416,15
j-hurtado,0.02790786,138
melissa-anderson,0.078819763,620
ross-mcindoe,0.316650927,27
daniel-eagan,0.428146423,866
laura-kern,0.009369852,145
ken-jaworowski,0.162139989,127
jake-coyle,0.083023319,330
edurne-larumbe-villarreal,0,1
lisa-schwarzbaum,0.187528685,2288
eve-barlow,0.5625,20
louise-busfield,0,5
saeed-saeed,0.55859375,10
jane-horwitz,0.523561493,38
jenna-busch,0.507864357,67
katie-herzog,0,2
david-crow,0.502258375,108
marc-savlov,0.125244141,2448
nadine-matthews,0.625,3
amelia-nierenberg,0,2
andy-lea,0.387705391,519
lora-grady,0,2
tom-gliatto,0.250984298,63
matthew-roe,0.625,7
yago-garcia,0.055666313,86
gareth-evans,0.0625,4
sergio-f-pinilla,0.009341192,42
nick-roddick,0.031269073,25
alex-bevan,0,1
simon-kinnear,0.125000954,136
will-leitch,0.012709141,450
jean-westmoore,0.375,4
janice-loreck,0,1
anthony-breznican,0.5,6
sophia-watson,0.405418716,43
sarah-larson,0,2
landon-palmer,0.500068694,56
alice-vincent,0,3
jason-bechervaise,0.017700195,13
matthew-anderson-18253,6.10E-05,119
zhuo-ning-su,0.376954317,24
john-doyle,0.501107574,24
kathleen-craughwell,0.5,1
caroline-preece,0.5,1
brad-keefe,0.001953125,335
cheryl-eddy,0.125,9
george-fenwick,0.015625,6
whitney-scott-bain,0.278320313,12
jake-cole,0.626044455,147
nick-pinkerton,0.664097594,592
glenn-whipp,0.12698883,1025
kevin-a-ranson,0.043955806,670
brett-mccracken,0.301086426,71
joe-boden,0.25,3
chris-ball,0.625,4
tara-watson,0,3
louis-wise,0.125,5
jason-barlow,0.5,1
valerie-complex,0.250122357,52
charlotte-osullivan,0.503908158,759
michael-leader,0.195558548,71
lauren-le-vine,0.25,4
giles-hardie,0.260884533,161
jeremy-aspinall,0.105501504,109
ross-raihala,0,1
alasdair-wilkins,0,1
carrie-rickey,0.500228912,1315
james-luxford,0.065429785,232
eric-barroso,0,1
laura-kenna,0.375,4
adolfo-c-martinez,0.536596297,39
simon-braund,0.148828983,60
walker-macmurdo,0.083652973,21
uriel-barco,0.51564217,93
nick-harley,0.5,1
tony-bravo,0,1
becky-kukla,0.003968239,21
william-robert-ferrer,0,1
cj-johnson,0.523437619,479
michael-agresta,0.171875,7
elena-lazic,0.001037747,63
bob-bloom,0.062515259,1140
paul-mount,0.504151285,50
austin-williams,0.265625,6
paul-jones,0,1
dirk-libbey,0.500252018,29
noah-gittell,0.28906251,122
sydney-brownstone,0.5625,5
emma-simmonds,0.125000002,406
andrew-gruttadaro,0,1
maria-sciullo,0.5,14
david-stratton,0.504162073,1005
jaime-pena,0.5,6
luke-channell,0.000381515,32
kevin-lincoln,0.5,4
michael-bonner,0.3125,156
joseph-hernandez,0.15625,6
bobby-lepire,0.438053316,30
fiona-williams,3.24E-05,75
sr-rose-pacatte,0.62604183,168
sergio-benitez,0.25201428,58
tim-surette,0,1
kelly-kanayama,0.5,1
leigh-paatsch,0.010009795,1065
chelsea-phillips-carr,0.22817179,34
jonathan-sanchez,0.129394539,83
aaron-neuwirth,0,1
frannie-ucciferri,0,4
carson-lund,0.375762145,96
andy-crump,0.035195353,349
diego-semerene,0.419811043,272
sean-l-malin,0.286743164,14
jorge-ayala-blanco,0.000244498,74
hal-boedeker,0.25,6
liz-beardsworth,0.141909122,74
noah-berlatsky,0.102700017,27
yolanda-machado,0.09375,5
charlie-lyne,0.173527663,243
francine-prose,0.127933502,19
daniel-bernal,0.283373356,21
andrew-lapin,0.633789063,234
tony-stamp,0.636842072,54
marsha-lederman,0.125202179,23
glenn-lovell,0.250801154,666
karen-han,0.015638352,56
ben-travis,0.064453125,10
sujit-chandrakumar,0.75,2
moira-macdonald,0.250017166,2365
jennifer-gannon,0,1
nicolas-ruiz,0.000979007,82
jim-slotek,0.015625477,1021
jeremy-elphick,0.281738281,11
michael-beebe,0,1
esther-zuckerman,0.00222972,26
philip-cosores,0.5,1
jyoti-sharma-bawa,1.57E-05,33
bethany-jean-clement,0.25,5
gerald-peary,0.37513096,232
patrick-smith,0.001229316,31
iain-robertson,0,3
rob-sheffield,0,1
chelsey-grasso,0.00402832,14
nick-bhasin,0,1
kevin-yeoman,0.25,4
zach-hollwedel,0.007821091,144
mark-dawidziak,0.637695313,11
danielle-solzman,0.659280814,272
joseph-longo,0,1
maia-silber,0.25,2
linda-cook,0.258058684,2088
david-sims,1.57E-05,205
stuart-mcgurk,0.516617067,72
alison-herman,0,7
j-olson,0.04734922,601
alison-de-souza,0.76171875,8
rebecca-mead,0.5,1
roger-moore,0.000551522,4421
toby-woollaston,0.03816225,36
bonnie-stiernberg,0,2
dan-gentile,0.519775391,12
michael-osullivan,0.008796767,1387
luke-y-thompson,0.009400382,1627
bradley-gibson,0.526096123,90
brett-white,0,2
marc-ciafardini,0.5,8
ellen-gray,0.037109375,18
christina-kuntz,0.375,4
charline-jao,0.031311035,15
renee-schonfeld,0.258058795,513
david-sztypuljak,0.422065735,19
steven-hyden,0.156265259,18
daphne-howland,0.025514603,93
tony-hinds,0.000244141,15
matt-shiverdecker,0.753969669,67
antonia-quirke,0.516136922,275
miranda-sanchez,0.1875,6
laura-clifford,0.016178132,3699
erik-adams,0.03125,7
lena-wilson,0.09375,5
mark-braxton,0.5,1
scott-meslow,0.283696175,20
marcos-gandia,0.036205692,65
heather-schwedel,0.5,1
sarah-kurchak,0.020266578,44
matt-brennan,0.164157093,25
chris-bright,0.00012207,13
josh-kupecki,0.687531483,141
callie-watts,0,1
markie-robson-scott,0.01320225,24
nathaniel-rogers,0.019794465,330
jeff-labrecque,0.250488281,12
allegra-frank,0.006347656,12
ronnie-scheib,0.125187003,576
eddie-harrison,0.1251343,270
colin-biggs,0.039066322,28
kim-hughes,0.001970545,39
joseph-walsh-14333,0.068359852,68
natalie-mokry,0.501953125,11
carolyn-l-todd,0,3
christopher-stevens,0.09375,5
ian-crouch,0,2
rob-vaux,0.002437845,1230
brooke-corso,0.539125465,218
chloe-roddick,0.5,3
wm-steven-humphrey,0.69140625,9
aryn-baker,0,1
jamie-east,0.004151617,224
kyle-smith,0.442110495,1976
ernesto-zelaya,0.11938861,26
becky-suter,0.082864046,30
todd-jorgenson,0.01807408,2083
graham-fuller,0.679718022,174
pat-stacey,0.07421875,8
judy-berman,0.008808136,19
randy-myers,0.845764399,349
megan-vick,0,1
nick-davis,0.815556085,544
brandon-nowalk,0.5,4
james-evans,0.980661962,30
joanna-hunkin,0.03125,12
clint-worthington,4.17E-06,57
sean-gilman,0.625,5
matt-goldberg,0.602589629,233
mark-medley,0.376991272,17
kristen-baldwin,0,2
renuka-vyavahare,0.502991009,147
david-frese,0.102173329,99
adam-sweeting,0.125061517,114
rebecca-liu,0.03125,5
allison-shoemaker,0.001960762,45
deidre-johnson,0,1
matthew-passantino,0.003907235,30
ethan-sacks,0.156739248,31
rob-lowman,0.517093666,60
danny-leigh,1.48E-11,77
matt-wolf,0.252014332,79
kevin-crust,0.392700837,363
alex-heeney,0.269779444,214
andrew-l-urban,0.03170836,1419
anna-hartley,0,1
randall-colburn,0.502275706,62
richard-kuipers,0.18759157,93
rob-hunter,0.567384978,407
mike-mcgranaghan,0.004394531,2252
jonathan-roberts,0.567077637,21
matthew-leyland,0.504402788,145
dave-white,0.006023675,2137
amanda-keats,0.5,3
laura-bogart,0.25,4
peter-goldberg,0.251953125,13
james-lattimer,0.907527113,46
oliver-pfeiffer,0.777832031,13
kevin-jagernauth,0.754379414,297
soren-anderson,0.704165113,429
curtis-cook,0.003082335,25
steve-murray,0.140625119,268
michael-snydel,0.125366465,88
chloe-lizotte,0,3
karen-martin,0.531267166,19
david-wharton,0.250732422,22
bryan-armen-graham,0.5,1
soumya-srivastava,0.001465921,36
corey-hughes,0,1
matthew-thrift,0.004535943,48
kathy-fennessy,0.816545517,166
brittany-spanos,0,1
loey-lockerby,0.046875836,255
anthony-oconnor,0.531265269,79
alissa-wilkinson,0.003051996,300
siddhant-adlakha,0.190430284,26
conner-schwerdtfeger,0.009859164,42
hazem-fahmy,0.291015625,13
brad-miska,0.25073401,188
farran-smith-nehme,0.12500227,404
brett-pardy,0.125,4
emiliano-basile,0.190933767,64
manu-yanez,0.007835448,24
molly-freeman,0.386474857,30
rich-cline,0.501962759,3867
kathryn-lindsay,0,1
